E_S;CODI_SAD;NOM;RIU;X_COOR;Y_COOR;MA;NOM_MA;ANY;ESTAT_SEQUERA;RECURS_REGULAT;UNITATS;ANUAL;T1;T2;T3;T4;S1;S2;GEN;FEB;MAR;ABR;MAY;JUN;JUL;AGO;SEP;OCT;NOV;DIC;UNITATS_DIARITZAT;DIARITZAT_GEN;DIARITZAT_FEB;DIARITZAT_MAR;DIARITZAT_ABR;DIARITZAT_MAY;DIARITZAT_JUN;DIARITZAT_JUL;DIARITZAT_AGO;DIARITZAT_SEP;DIARITZAT_OCT;DIARITZAT_NOV;DIARITZAT_DIC;SI_CABAL_DIARI;NITROGEN_TOTAL_SORTIDA;CODI_EDAR;PRE_POST_PASTERAL
S;ATL;Aigües Ter-Llobregat;TER;467021;4648134;ES100MSPF2000227;El Pasteral;2024;excepcionalitat;REG;HM3;91,3575;15,1714;17,6296;26,7271;31,8294;44,3567;47,0008;5,1321;5,2928;4,7465;5,0789;5,0314;7,5193;9,0437;9,604;8,0794;11,7887;9,6647;10,376;M3/S;1,916106631;2,187830688;1,772140084;1,95945216;1,878509558;2,900964506;3,376530765;3,58572282;3,117052469;4,401396356;3,728665123;3,8739546;NA;NA;NA;POST
S;ATL;Aigües Ter-Llobregat;TER;467021;4648134;ES100MSPF2000227;El Pasteral;2023;excepcionalitat;REG;HM3;95,4011;26,5151;23,784;23,8368;21,2652;47,6208;47,7803;8,7239;9,6137;8,1775;6,6389;7,5437;9,6014;10,1238;7,1272;6,5858;8,179;7,0567;6,0295;M3/S;3,257131123;3,973916997;3,053128734;2,561304012;2,816494922;3,704243827;3,779793907;2,660991637;2,540817901;3,053688769;2,722492284;2,251157407;NA;NA;NA;POST
S;ATL;Aigües Ter-Llobregat;TER;467021;4648134;ES100MSPF2000227;El Pasteral;2022;prealerta;REG;HM3;128,984;30,2189;33,7617;35,2707;29,7327;69,0324;59,9516;10,5672;10,3679;9,2838;9,1608;11,8552;12,7457;12,4788;8,86;13,9319;10,4804;10,0336;9,2187;M3/S;3,945340502;4,28567295;3,466173835;3,534259259;4,426224612;4,917322531;4,659050179;3,307945042;5,37496142;3,912933094;3,870987654;3,44186828;NA;NA;NA;POST
S;ATL;Aigües Ter-Llobregat;TER;467021;4648134;ES100MSPF2000227;El Pasteral;2021;normalitat;REG;HM3;129,228347;30,504584;36,14897;34,718;27,856793;70,86697;58,361377;11,154984;9,8856;9,464;9,1556;13,07337;13,92;12,3673;10,3067;12,044;9,3894;10,1502;8,317193;M3/S;4,164793907;4,086309524;3,533452808;3,532253086;4,881037186;5,37037037;4,617420848;3,848080944;4,646604938;3,505600358;3,915972222;3,105284125;NA;NA;NA;POST
S;ATL;Aigües Ter-Llobregat;TER;467021;4648134;ES100MSPF2000227;El Pasteral;2020;normalitat;REG;HM3;141,4067283;41,096519;38,3533;36,2073;25,74960932;74,5606;66,84612832;12,128019;15,8694;13,0991;11,8552;10,592;15,9061;15,7775;8,9182;11,5116;9,3248;7,685009325;8,7398;M3/S;4,528083557;6,559771825;4,890643668;4,573765432;3,954599761;6,136612654;5,890643668;3,329674432;4,441203704;3,481481481;2,964895573;3,263067503;NA;NA;NA;POST
S;ATL;Aigües Ter-Llobregat;TER;467021;4648134;ES100MSPF2000227;El Pasteral;2019;normalitat;REG;HM3;137,168654;29,662854;35,1113;41,0731;31,3214;76,1844;60,984254;11,794054;8,379;9,4898;10,278;12,0316;12,8017;13,705;12,1036;15,2645;12,1343;10,8021;8,385;M3/S;4,403395311;3,463541667;3,543085424;3,965277778;4,492084827;4,938927469;5,116860812;4,518966547;5,88908179;4,530428614;4,167476852;3,130600358;NA;NA;NA;POST
S;C_AMBIEN_REC_MOLI;CABAL AMBIENTAL REC DEL MOLÍ DE PALS;TER;505685;4654385;ES100MSPF2000460;El Ter des de Flaçà fins al mar;QUALSEVOL;NA;NA;HM3;6,6;1,65;1,65;1,65;1,65;3,3;3,3;0,55;0,55;0,55;0,55;0,55;0,55;0,55;0,55;0,55;0,55;0,55;0,55;M3/S;0,205346476;0,227347884;0,205346476;0,212191358;0,205346476;0,212191358;0,205346476;0,205346476;0,212191358;0,205346476;0,212191358;0,205346476;NA;NA;NA;POST
S;C_AMBIEN_REC_SENTMENAT;CABAL AMBIENTAL REC SENTMENAT;TER;498893,3;4658948,75;ES100MSPF2000460;El Ter des de Flaçà fins al mar;QUALSEVOL;NA;NA;HM3;2;1,65;0,5;0,5;0,5;1;2,15;0,166666667;0,166666667;0,166666667;0,166666667;0,166666667;0,166666667;0,166666667;0,166666667;0,166666667;0,166666667;0,166666667;0,166666667;M3/S;0,062226205;0,068893298;0,062226205;0,064300412;0,062226205;0,064300412;0,062226205;0,062226205;0,064300412;0,062226205;0,064300412;0,062226205;NA;NA;NA;POST
S;ETAP_MONFULLA;ETAP MONTFULLA;TER;467861;4648369;ES100MSPF2000227;El Pasteral;2024;excepcionalitat;REG;HM3;20,76;4,15;5,06;6,43;5,12;11,49;9,27;1,45;1,34;1,36;1,47;1,67;1,92;2,28;2,46;1,69;1,6;1,48;2,04;M3/S;0,541367981;0,553902116;0,50776583;0,56712963;0,623506571;0,740740741;0,85125448;0,918458781;0,652006173;0,597371565;0,570987654;0,761648746;NA;NA;NA;POST
S;ETAP_MONFULLA;ETAP MONTFULLA;TER;467861;4648369;ES100MSPF2000227;El Pasteral;2024;excepcionalitat;REG;HM3;17,140032;3,954528;3,590784;5,2488;4,34592;8,839584;8,300448;1,47312;1,302912;1,178496;1,06272;1,232064;1,296;1,74096;1,87488;1,63296;1,526688;1,39968;1,419552;M3/S;0,55;0,52;0,44;0,41;0,46;0,5;0,65;0,7;0,63;0,57;0,54;0,53;NA;NA;NA;POST
S;ETAP_MONFULLA;ETAP MONTFULLA;TER;467861;4648369;ES100MSPF2000227;El Pasteral;2023;excepcionalitat;REG;HM3;19,672416;4,43232;4,689792;5,833728;4,716576;10,52352;9,148896;1,526688;1,378944;1,526688;1,50336;1,553472;1,63296;1,982016;2,089152;1,76256;1,714176;1,52928;1,47312;M3/S;0,57;0,57;0,57;0,58;0,58;0,63;0,74;0,78;0,68;0,64;0,59;0,55;NA;NA;NA;POST
S;ETAP_MONFULLA;ETAP MONTFULLA;TER;467861;4648369;ES100MSPF2000227;El Pasteral;2022;prealerta;REG;HM3;20,184768;4,145472;5,083776;6,424704;4,530816;11,50848;8,676288;1,446336;1,306368;1,392768;1,45152;1,714176;1,91808;2,303424;2,41056;1,71072;1,60704;1,47744;1,446336;M3/S;0,54;0,54;0,52;0,56;0,64;0,74;0,86;0,9;0,66;0,6;0,57;0,54;NA;NA;NA;POST
S;ETAP_MONFULLA;ETAP MONTFULLA;TER;467861;4648369;ES100MSPF2000227;El Pasteral;2021;normalitat;REG;HM3;19,944576;4,252608;5,18832;6,183648;4,32;11,371968;8,572608;1,446336;1,306368;1,499904;1,5552;1,74096;1,89216;2,249856;2,223072;1,71072;1,553472;1,37376;1,392768;M3/S;0,54;0,54;0,56;0,6;0,65;0,73;0,84;0,83;0,66;0,58;0,53;0,52;NA;NA;NA;POST
S;ETAP_MONFULLA;ETAP MONTFULLA;TER;467861;4648369;ES100MSPF2000227;El Pasteral;2020;normalitat;REG;HM3;18,779904;4,299264;4,431456;5,622912;4,426272;10,054368;8,725536;1,365984;1,353024;1,580256;1,34784;1,580256;1,50336;1,901664;2,062368;1,65888;1,553472;1,39968;1,47312;M3/S;0,51;0,54;0,59;0,52;0,59;0,58;0,71;0,77;0,64;0,58;0,54;0,55;NA;NA;NA;POST
E;EDAR_GIRONA;EDAR GIRONA;TER;486041,307;4652844,387;ES100MSPF2000380;El Ter entre l'Onyar i el Terri;MITJANA_2010-20;NA;NA;HM3;15,03362;3,70692;3,748108;3,789296;3,789296;7,537404;7,496216;1,276828;1,153264;1,276828;1,23564;1,276828;1,23564;1,276828;1,276828;1,23564;1,276828;1,23564;1,276828;M3/S;0,476712963;0,476712963;0,476712963;0,476712963;0,476712963;0,476712963;0,476712963;0,476712963;0,476712963;0,476712963;0,476712963;0,476712963;41188;11,74;DGIR;POST
E;EDAR_ANGLES;EDAR ANGLÈS;TER;471959,97;4645629,82;ES100MSPF2000280;El Ter des del Pasteral fins a la confluència de l'Onyar;MITJANA_2010-20;NA;NA;HM3;1,065291306;0,262674568;0,265593175;0,268511781;0,268511781;0,534104956;0,53118635;0,090476796;0,081720977;0,090476796;0,087558189;0,090476796;0,087558189;0,090476796;0,090476796;0,087558189;0,090476796;0,087558189;0,090476796;M3/S;0,033780166;0,033780166;0,033780166;0,033780166;0,033780166;0,033780166;0,033780166;0,033780166;0,033780166;0,033780166;0,033780166;0,033780166;2918,606316;26,63120144;DANG;POST
E;EDAR_BANYOLES;EDAR BANYOLES;TERRI;486165,81;4659308,83;ES100MSPF2000410;Riu Terri des de la confluència del Revardit fins al Ter;MITJANA_2010-20;NA;NA;HM3;3,448452561;0,850303371;0,859751187;0,869199002;0,869199002;1,728950188;1,719502373;0,292882272;0,264538827;0,292882272;0,283434457;0,292882272;0,283434457;0,292882272;0,292882272;0,283434457;0,292882272;0,283434457;0,292882272;M3/S;0,109349713;0,109349713;0,109349713;0,109349713;0,109349713;0,109349713;0,109349713;0,109349713;0,109349713;0,109349713;0,109349713;0,109349713;9447,815237;32,63247436;DBAY;POST
E;EDAR_BESCANO;EDAR BESCANÓ;TER;480068,137;4646788,762;ES100MSPF2000280;El Ter des del Pasteral fins a la confluència de l'Onyar;MITJANA_2010-20;NA;NA;HM3;0,181823871;0,044833283;0,045331431;0,045829578;0,045829578;0,091161009;0,090662862;0,015442575;0,013948133;0,015442575;0,014944428;0,015442575;0,014944428;0,015442575;0,015442575;0,014944428;0,015442575;0,014944428;0,015442575;M3/S;0,005765597;0,005765597;0,005765597;0,005765597;0,005765597;0,005765597;0,005765597;0,005765597;0,005765597;0,005765597;0,005765597;0,005765597;498,1475913;28,89878681;DBSC;POST
E;EDAR_CAMPRODON;EDAR CAMPRODON;TER;447258,2443;4683337,261;ES100MSPF2000020;El Ter entre el Ritort i el Freser;MITJANA_2010-20;NA;NA;HM3;0,778713751;0,19201161;0,194145072;0,196278535;0,196278535;0,390423607;0,388290145;0,066137332;0,059736945;0,066137332;0,06400387;0,066137332;0,06400387;0,066137332;0,066137332;0,06400387;0,066137332;0,06400387;0,066137332;M3/S;0,024692851;0,024692851;0,024692851;0,024692851;0,024692851;0,024692851;0,024692851;0,024692851;0,024692851;0,024692851;0,024692851;0,024692851;2133,462333;14,72825;DCAM;PRE
E;EDAR_CASSA;EDAR CASSÀ DE LA SELVA;GOTARRA;486009,527;4636178;ES100MSPF2000340;Rieres de Gotarra, Verneda i Benaula;MITJANA_2010-20;NA;NA;HM3;1,24196408;0,306237718;0,30964036;0,313043001;0,313043001;0,622683361;0,619280719;0,105481881;0,095273957;0,105481881;0,102079239;0,105481881;0,102079239;0,105481881;0,105481881;0,102079239;0,105481881;0,102079239;0,105481881;M3/S;0,039382423;0,039382423;0,039382423;0,039382423;0,039382423;0,039382423;0,039382423;0,039382423;0,039382423;0,039382423;0,039382423;0,039382423;3402,641315;18,47919915;DCDS;POST
E;EDAR_CELRA;EDAR CELRÀ;TER;489239,716;4654888,465;ES100MSPF2000420;El Ter des de la confluència del Terri fins a Flaçà;MITJANA_2010-20;NA;NA;HM3;0,725167402;0,1788084;0,18079516;0,18278192;0,18278192;0,363577081;0,361590321;0,06158956;0,05562928;0,06158956;0,0596028;0,06158956;0,0596028;0,06158956;0,06158956;0,0596028;0,06158956;0,0596028;0,06158956;M3/S;0,022994907;0,022994907;0,022994907;0,022994907;0,022994907;0,022994907;0,022994907;0,022994907;0,022994907;0,022994907;0,022994907;0,022994907;1986,760004;22,89726668;DCLR;POST
E;EDAR_FLAÇA;EDAR FLAÇÀ;TER;496210,41;4656000,73;ES100MSPF2000420;El Ter des de la confluència del Terri fins a Flaçà;MITJANA_2010-20;NA;NA;HM3;0,118533142;0,02922735;0,029552099;0,029876847;0,029876847;0,059428945;0,059104197;0,010067198;0,009092953;0,010067198;0,00974245;0,010067198;0,00974245;0,010067198;0,010067198;0,00974245;0,010067198;0,00974245;0,010067198;M3/S;0,003758661;0,003758661;0,003758661;0,003758661;0,003758661;0,003758661;0,003758661;0,003758661;0,003758661;0,003758661;0,003758661;0,003758661;324,7483353;NA;DFLC;POST
E;EDAR_FOLG;EDAR FOLGUEROLES;GURRI;442894,4441;4643908,041;ES100MSPF2000200;Riu Gurri des de la confluència de la riera de Rimentol fins al Ter (inclòs el torrent de Folgueroles);MITJANA_2010-20;NA;NA;HM3;0,17813099;0,04392271;0,04441074;0,04489877;0,04489877;0,08930951;0,08882148;0,015128933;0,013664843;0,015128933;0,014640903;0,015128933;0,014640903;0,015128933;0,015128933;0,014640903;0,015128933;0,014640903;0,015128933;M3/S;0,005648497;0,005648497;0,005648497;0,005648497;0,005648497;0,005648497;0,005648497;0,005648497;0,005648497;0,005648497;0,005648497;0,005648497;488,0301108;26,41388879;DFOL;PRE
E;EDAR_HOSTOLES;EDAR PLANES D'HOSTOLES, LES;BRUGENT;462989,4747;4655871,906;ES100MSPF2000260;El Brugent;MITJANA_2010-20;NA;NA;HM3;0,325339232;0,080220632;0,081111973;0,082003313;0,082003313;0,163115286;0,162223946;0,027631551;0,02495753;0,027631551;0,026740211;0,027631551;0,026740211;0,027631551;0,027631551;0,026740211;0,027631551;0,026740211;0,027631551;M3/S;0,010316439;0,010316439;0,010316439;0,010316439;0,010316439;0,010316439;0,010316439;0,010316439;0,010316439;0,010316439;0,010316439;0,010316439;891,3403609;15,79404763;DLPH;POST
E;EDAR_MANLLEU;EDAR MANLLEU;TER;440844,9125;4649333,417;ES100MSPF2000150;El Ter entre el Ges i el Gurri;MITJANA_2010-20;NA;NA;HM3;2,386782973;0,588521829;0,59506096;0,601600092;0,601600092;1,196661052;1,190121921;0,202713074;0,18309568;0,202713074;0,196173943;0,202713074;0,196173943;0,202713074;0,202713074;0,196173943;0,202713074;0,196173943;0,202713074;M3/S;0,075684392;0,075684392;0,075684392;0,075684392;0,075684392;0,075684392;0,075684392;0,075684392;0,075684392;0,075684392;0,075684392;0,075684392;6539,131433;12,38489056;DMAN;PRE
E;EDAR_QUART;EDAR QUART;ONYAR;487119,112;4646109,418;ES100MSPF2000360;Riu Onyar des de la confluència de la riera de Gotarra fins a l'entrada al nucli urbà de Girona, incloses les rieres de Bugantó i de Celrà;MITJANA_2010-20;NA;NA;HM3;0,214779676;0,052959372;0,05354781;0,054136247;0,054136247;0,107684057;0,107095619;0,018241561;0,016476249;0,018241561;0,017653124;0,018241561;0,017653124;0,018241561;0,018241561;0,017653124;0,018241561;0,017653124;0,018241561;M3/S;0,006810619;0,006810619;0,006810619;0,006810619;0,006810619;0,006810619;0,006810619;0,006810619;0,006810619;0,006810619;0,006810619;0,006810619;588,4374676;75,5;DQRT1;POST
E;EDAR_RIUDELLOTS;EDAR RIUDELLOTS DE LA SELVA;ONYAR;484392,167;4639640,646;ES100MSPF2000360;Riu Onyar des de la confluència de la riera de Gotarra fins a l'entrada al nucli urbà de Girona, incloses les rieres de Bugantó i de Celrà;MITJANA_2010-20;NA;NA;HM3;0,419004077;0,103316074;0,10446403;0,105611986;0,105611986;0,210076016;0,20892806;0,035586648;0,032142778;0,035586648;0,034438691;0,035586648;0,034438691;0,035586648;0,035586648;0,034438691;0,035586648;0,034438691;0,035586648;M3/S;0,013286532;0,013286532;0,013286532;0,013286532;0,013286532;0,013286532;0,013286532;0,013286532;0,013286532;0,013286532;0,013286532;0,013286532;1147,956374;22,138346;DRDS;POST
E;EDAR_RODA;EDAR RODA DE TER;TER;442908,9081;4647458,86;ES100MSPF2000210;El Ter entre el Gurri i la cua de l'embassament de Sau;MITJANA_2010-20;NA;NA;HM3;0,419779675;0,103507317;0,104657398;0,10580748;0,10580748;0,210464878;0,209314797;0,03565252;0,032202276;0,03565252;0,034502439;0,03565252;0,034502439;0,03565252;0,03565252;0,034502439;0,03565252;0,034502439;0,03565252;M3/S;0,013311126;0,013311126;0,013311126;0,013311126;0,013311126;0,013311126;0,013311126;0,013311126;0,013311126;0,013311126;0,013311126;0,013311126;1150,081301;32,30126246;DRDT;PRE
E;EDAR_RIBES;EDAR RIBES DE FRESER;FRESER;431363,6896;4683300,391;ES100MSPF2000030;Capçalera del Freser fins a Campdevànol, inclosos el Rigard i el Segadell;MITJANA_2010-20;NA;NA;HM3;0,781422962;0,192679634;0,194820519;0,196961404;0,196961404;0,391781923;0,389641039;0,06636743;0,059944775;0,06636743;0,064226545;0,06636743;0,064226545;0,06636743;0,06636743;0,064226545;0,06636743;0,064226545;0,06636743;M3/S;0,02477876;0,02477876;0,02477876;0,02477876;0,02477876;0,02477876;0,02477876;0,02477876;0,02477876;0,02477876;0,02477876;0,02477876;2140,884827;11,6991667;DRIF;PRE
E;EDAR_RIPOLL;EDAR RIPOLL;TER;434025,6959;4668443,795;ES100MSPF2000060;El Ter entre el Freser i la riera de Vallfogona;MITJANA_2010-20;NA;NA;HM3;2,729014194;0,672907609;0,680384361;0,687861112;0,687861112;1,368245473;1,360768721;0,231779288;0,209349034;0,231779288;0,224302536;0,231779288;0,224302536;0,231779288;0,231779288;0,224302536;0,231779288;0,224302536;0,231779288;M3/S;0,086536472;0,086536472;0,086536472;0,086536472;0,086536472;0,086536472;0,086536472;0,086536472;0,086536472;0,086536472;0,086536472;0,086536472;7476,751216;10,35930677;DRIP;PRE
E;EDAR_SEVA;EDAR SEVA;GURRI;439907,2728;4632258,389;ES100MSPF2000190;Capçalera del Gurri fins a la confluència amb la riera de Tona;MITJANA_2010-20;NA;NA;HM3;0,129339301;0,031891882;0,032246237;0,032600591;0,032600591;0,064846827;0,064492473;0,010984982;0,009921919;0,010984982;0,010630627;0,010984982;0,010630627;0,010984982;0,010984982;0,010630627;0,010984982;0,010630627;0,010984982;M3/S;0,004101322;0,004101322;0,004101322;0,004101322;0,004101322;0,004101322;0,004101322;0,004101322;0,004101322;0,004101322;0,004101322;0,004101322;354,3542485;27,06666724;DSEV;PRE
E;EDAR_STGREGORI;EDAR SANT GREGORI;LLEMENA;480206,4278;4647967,418;ES100MSPF2000300;Riera de Llèmena i riera de Canet;MITJANA_2010-20;NA;NA;HM3;0,0876;0,0216;0,02184;0,02208;0,02208;0,04392;0,04368;0,00744;0,00672;0,00744;0,0072;0,00744;0,0072;0,00744;0,00744;0,0072;0,00744;0,0072;0,00744;M3/S;0,002777778;0,002777778;0,002777778;0,002777778;0,002777778;0,002777778;0,002777778;0,002777778;0,002777778;0,002777778;0,002777778;0,002777778;240;78,19157248;DSGR;POST
E;EDAR_STHILARI;EDAR SANT HILARI SACALM;OSOR;458961,5566;4638167,774;ES100MSPF2000290;Riera d'Osor;MITJANA_2010-20;NA;NA;HM3;0,54762584;0,135031029;0,136531374;0,138031719;0,138031719;0,274563092;0,273062748;0,046510688;0,042009653;0,046510688;0,045010343;0,046510688;0,045010343;0,046510688;0,046510688;0,045010343;0,046510688;0,045010343;0,046510688;M3/S;0,017365101;0,017365101;0,017365101;0,017365101;0,017365101;0,017365101;0,017365101;0,017365101;0,017365101;0,017365101;0,017365101;0,017365101;1500,344767;30,75296153;DSHS;POST
E;EDAR_STJOAN;EDAR SANT JOAN DE LES ABADESSES;TER;440360,9132;4675350,77;ES100MSPF2000020;El Ter entre el Ritort i el Freser;MITJANA_2010-20;NA;NA;HM3;0,332911852;0,082087854;0,082999941;0,083912028;0,083912028;0,166911969;0,165999882;0,028274705;0,025538443;0,028274705;0,027362618;0,028274705;0,027362618;0,028274705;0,028274705;0,027362618;0,028274705;0,027362618;0,028274705;M3/S;0,010556566;0,010556566;0,010556566;0,010556566;0,010556566;0,010556566;0,010556566;0,010556566;0,010556566;0,010556566;0,010556566;0,010556566;912,087265;43,67795831;DSJA;PRE
E;EDAR_ESQ;EDAR SANTA MARIA DE CORCÓ-L'ESQUIROL;GORGES;447397,3255;4653636,625;ES100MSPF2000230;Riera de les Gorgues;MITJANA_2010-20;NA;NA;HM3;0,122452756;0,03019383;0,030529317;0,030864804;0,030864804;0,061394122;0,061058635;0,010400097;0,009393636;0,010400097;0,01006461;0,010400097;0,01006461;0,010400097;0,010400097;0,01006461;0,010400097;0,01006461;0,010400097;M3/S;0,003882951;0,003882951;0,003882951;0,003882951;0,003882951;0,003882951;0,003882951;0,003882951;0,003882951;0,003882951;0,003882951;0,003882951;335,487004;20,84848496;DSMC;PRE
E;EDAR_STQUIRZE;EDAR SANT QUIRZE DE BESORA;TER;436221,2815;4660737,299;ES100MSPF2000090;El Ter entre la riera de Vallfogona fins el Ges;MITJANA_2010-20;NA;NA;HM3;0,140104488;0,034546312;0,03493016;0,035314008;0,035314008;0,070244168;0,06986032;0,011899285;0,010747742;0,011899285;0,011515437;0,011899285;0,011515437;0,011899285;0,011899285;0,011515437;0,011899285;0,011515437;0,011899285;M3/S;0,004442684;0,004442684;0,004442684;0,004442684;0,004442684;0,004442684;0,004442684;0,004442684;0,004442684;0,004442684;0,004442684;0,004442684;383,8479115;NA;DSQB;PRE
E;EDAR_TARADELL;EDAR TARADELL;GURRI;440005,6351;4636937,687;ES100MSPF2000190;Capçalera del Gurri fins a la confluència amb la riera de Tona;MITJANA_2010-20;NA;NA;HM3;0,551863349;0,136075894;0,137587849;0,139099803;0,139099803;0,276687652;0,275175697;0,046870586;0,042334723;0,046870586;0,045358631;0,046870586;0,045358631;0,046870586;0,046870586;0,045358631;0,046870586;0,045358631;0,046870586;M3/S;0,017499472;0,017499472;0,017499472;0,017499472;0,017499472;0,017499472;0,017499472;0,017499472;0,017499472;0,017499472;0,017499472;0,017499472;1511,954381;20,12500005;DTAL;PRE
E;EDAR_TORROELLA;EDAR TORROELLA DE MONTGRÍ;TER;512741,2;4652615,57;ES100MSPF2000460;El Ter des de Flaçà fins al mar;MITJANA_2010-20;NA;NA;HM3;2,259065548;0,557029861;0,563219082;0,569408303;0,569408303;1,132627385;1,126438164;0,191865841;0,173298179;0,191865841;0,18567662;0,191865841;0,18567662;0,191865841;0,191865841;0,18567662;0,191865841;0,18567662;0,191865841;M3/S;0,071634499;0,071634499;0,071634499;0,071634499;0,071634499;0,071634499;0,071634499;0,071634499;0,071634499;0,071634499;0,071634499;0,071634499;6189,220681;8,940617266;DTMN;POST
E;EDAR_TONA;EDAR TONA;GURRI;436941,9228;4634854,472;ES100MSPF2000195;Riu Gurri entre la riera de Tona i la riera de Rimentol, inclosos la riera de Tona, la conca del Mèder i la riera de Rimentol;MITJANA_2010-20;NA;NA;HM3;0,557690532;0,137512734;0,139040653;0,140568572;0,140568572;0,279609225;0,278081306;0,047365497;0,042781739;0,047365497;0,045837578;0,047365497;0,045837578;0,047365497;0,047365497;0,045837578;0,047365497;0,045837578;0,047365497;M3/S;0,017684251;0,017684251;0,017684251;0,017684251;0,017684251;0,017684251;0,017684251;0,017684251;0,017684251;0,017684251;0,017684251;0,017684251;1527,919265;55,68055544;DTON;PRE
E;EDAR_VILOBI;EDAR VILOBÍ D'ONYAR;ONYAR;479108,76;4637143,3;ES100MSPF2000330;Capçalera de l'Onyar fins a la confluència de la riera de Gotarra;MITJANA_2010-20;NA;NA;HM3;0,151670447;0,037398192;0,037813728;0,038229263;0,038229263;0,076042991;0,075627456;0,0128816;0,011634993;0,0128816;0,012466064;0,0128816;0,012466064;0,0128816;0,0128816;0,012466064;0,0128816;0,012466064;0,0128816;M3/S;0,004809438;0,004809438;0,004809438;0,004809438;0,004809438;0,004809438;0,004809438;0,004809438;0,004809438;0,004809438;0,004809438;0,004809438;415,5354715;20,86614331;DVDO;POST
E;EDAR_TORELLO;EDAR VALL DEL GES-TORELLÓ;TER;438481,7785;4654874,358;ES100MSPF2000090;El Ter entre la riera de Vallfogona fins el Ges;MITJANA_2010-20;NA;NA;HM3;1,845392214;0,455028217;0,460084086;0,465139955;0,465139955;0,925224042;0,920168173;0,156731941;0,141564334;0,156731941;0,151676072;0,156731941;0,151676072;0,156731941;0,156731941;0,151676072;0,156731941;0,151676072;0,156731941;M3/S;0,058517003;0,058517003;0,058517003;0,058517003;0,058517003;0,058517003;0,058517003;0,058517003;0,058517003;0,058517003;0,058517003;0,058517003;5055,86908;13,08739238;DVGE;PRE
E;EDAR_VIC;EDAR VIC;GURRI;439728,8786;4645202,231;ES100MSPF2000195;Riu Gurri entre la riera de Tona i la riera de Rimentol, inclosos la riera de Tona, la conca del Mèder i la riera de Rimentol;MITJANA_2010-20;NA;NA;HM3;8,027421377;1,979364175;2,00135711;2,023350046;2,023350046;4,024707156;4,002714221;0,681780994;0,615802188;0,681780994;0,659788058;0,681780994;0,659788058;0,681780994;0,681780994;0,659788058;0,681780994;0,659788058;0,681780994;M3/S;0,254547862;0,254547862;0,254547862;0,254547862;0,254547862;0,254547862;0,254547862;0,254547862;0,254547862;0,254547862;0,254547862;0,254547862;21992,93528;11,99279365;DVIC;PRE
S;CR_PARDINA;CR PARDINA REG;TER;467312;4648266;ES100MSPF2000280;El Ter des del Pasteral fins a la confluència de l'Onyar;2024;excepcionalitat;REG;HM3;1,55;0,26;0,2;0,89;0,2;1,09;0,46;0,19;0,04;0,03;0,02;0,01;0,17;0,36;0,33;0,2;0,08;0,06;0,06;M3/S;0,070937873;0,016534392;0,011200717;0,007716049;0,003733572;0,006347073;0,134408602;0,123207885;0,077160494;0,029868578;0,023148148;0,022401434;NA;NA;NA;POST
S;CR_PARDINA;CR PARDINA NO_REG;TER;467312;4648266;ES100MSPF2000280;El Ter des del Pasteral fins a la confluència de l'Onyar;2024;excepcionalitat;NO_REG;HM3;0;0;0;0;0;0;0;0;0;0;0;0;0;0;0;0;0;0;0;M3/S;0;0;0;0;0;0;0;0;0;0;0;0;NA;NA;NA;POST
S;CR_ANGLES;CR ANGLES REG;TER;468800;4647224;ES100MSPF2000280;El Ter des del Pasteral fins a la confluència de l'Onyar;2024;excepcionalitat;REG;HM3;0,66;0,02;0;0,64;0;0,64;0,02;0,02;0;0;0;0;0;0,21;0,32;0,11;0;0;0;M3/S;0,007467145;0;0;0;0;0;0,078405018;0,119474313;0,042438272;0;0;0;NA;NA;NA;POST
S;CR_ANGLES;CR ANGLES NO_REG;TER;468800;4647224;ES100MSPF2000280;El Ter des del Pasteral fins a la confluència de l'Onyar;2024;excepcionalitat;NO_REG;HM3;0;0;0;0;0;0;0;0;0;0;0;0;0;0;0;0;0;0;0;M3/S;0;0;0;0;0;0;0;0;0;0;0;0;NA;NA;NA;POST
S;CR_STJULIA;CR ST JULIA LLOR REG;TER;471000,67;4645729,45;ES100MSPF2000280;El Ter des del Pasteral fins a la confluència de l'Onyar;2024;excepcionalitat;REG;HM3;0,23;0,02;0,01;0,2;0;0,21;0,02;0;0,01;0,01;0;0;0,01;0,07;0,07;0,06;0;0;0;M3/S;0;0,004133598;0,003733572;0;0;0,000373357;0,026135006;0,026135006;0,023148148;0;0;0;NA;NA;NA;POST
S;CR_STJULIA;CR ST JULIA LLOR NO_REG;TER;471000,67;4645729,45;ES100MSPF2000280;El Ter des del Pasteral fins a la confluència de l'Onyar;2024;excepcionalitat;NO_REG;HM3;0;0;0;0;0;0;0;0;0;0;0;0;0;0;0;0;0;0;0;M3/S;0;0;0;0;0;0;0;0;0;0;0;0;NA;NA;NA;POST
S;CR_VILANNA;CR VILANNA REG;TER;472989,93;4646920,38;ES100MSPF2000280;El Ter des del Pasteral fins a la confluència de l'Onyar;2024;excepcionalitat;REG;HM3;1,09;0,1;0,04;0,88;0,07;0,92;0,17;0,01;0,06;0,03;0;0;0,04;0,34;0,3;0,24;0,06;0,01;0;M3/S;0,003733572;0,024801587;0,011200717;0;0;0,001493429;0,126941458;0,112007168;0,092592593;0,022401434;0,003858025;0;NA;NA;NA;POST
S;CR_VILANNA;CR VILANNA NO_REG;TER;472989,93;4646920,38;ES100MSPF2000280;El Ter des del Pasteral fins a la confluència de l'Onyar;2024;excepcionalitat;NO_REG;HM3;0,16;0,04;0,02;0,03;0,07;0,05;0,11;0;0,02;0,02;0;0;0,02;0;0,01;0,02;0,07;0;0;M3/S;0;0,008267196;0,007467145;0;0;0,000746714;0;0,003733572;0,007716049;0,026135006;0;0;NA;NA;NA;POST
S;CR_MONAR;CR MONAR REG;TER;479458,11;4646480,44;ES100MSPF2000280;El Ter des del Pasteral fins a la confluència de l'Onyar;2024;excepcionalitat;REG;HM3;4,27;0;0,13;4,04;0,1;4,17;0,1;0;0;0;0;0;0,13;1,21;1,75;1,08;0,1;0;0;M3/S;0;0;0;0;0;0,004853644;0,451762246;0,653375149;0,416666667;0,037335723;0;0;NA;NA;NA;POST
S;CR_MONAR;CR MONAR NO_REG;TER;479458,11;4646480,44;ES100MSPF2000280;El Ter des del Pasteral fins a la confluència de l'Onyar;2024;excepcionalitat;NO_REG;HM3;0,24;0;0,06;0,18;0;0,24;0;0;0;0;0;0;0,06;0;0,09;0,09;0;0;0;M3/S;0;0;0;0;0;0,002240143;0;0,033602151;0,034722222;0;0;0;NA;NA;NA;POST
S;CR_CERVIA;CR CERVIA REG;TER;485699,42;4651948,53;ES100MSPF2000380;El Ter entre l'Onyar i el Terri;2024;excepcionalitat;REG;HM3;2,24;0;0;2,24;0;2,24;0;0;0;0;0;0;0;1,03;0,92;0,29;0;0;0;M3/S;0;0;0;0;0;0;0,384557945;0,34348865;0,111882716;0;0;0;NA;NA;NA;POST
S;CR_CERVIA;CR CERVIA NO_REG;TER;485699,42;4651948,53;ES100MSPF2000380;El Ter entre l'Onyar i el Terri;2024;excepcionalitat;NO_REG;HM3;0,4;0,01;0,01;0,35;0,03;0,36;0,04;0,01;0;0;0;0;0,01;0,01;0,17;0,17;0,03;0;0;M3/S;0,003733572;0;0;0;0;0,000373357;0,003733572;0,063470729;0,06558642;0,011200717;0;0;NA;NA;NA;POST
S;CR_VINYALS;CR VINYALS REG;TER;485793,27;4651949,76;ES100MSPF2000380;El Ter entre l'Onyar i el Terri;2024;excepcionalitat;REG;HM3;2,28;0;0;2,28;0;2,28;0;0;0;0;0;0;0;1,02;1;0,26;0;0;0;M3/S;0;0;0;0;0;0;0,380824373;0,373357228;0,100308642;0;0;0;NA;NA;NA;POST
S;CR_VINYALS;CR VINYALS NO_REG;TER;485793,27;4651949,76;ES100MSPF2000380;El Ter entre l'Onyar i el Terri;2024;excepcionalitat;NO_REG;HM3;0,61;0,04;0,08;0,32;0,17;0,4;0,21;0,03;0,01;0;0;0;0,08;0,01;0,15;0,16;0,07;0,05;0,05;M3/S;0,011200717;0,004133598;0;0;0;0,002986858;0,003733572;0,056003584;0,061728395;0,026135006;0,019290123;0,018667861;NA;NA;NA;POST
S;CR_SENTMENAT;CR SENTMENAT REG;TER;498893,3;4658948,75;ES100MSPF2000460;El Ter des de Flaçà fins al mar;2024;excepcionalitat;REG;HM3;8,08;0;0,77;6,95;0,36;7,72;0,36;0;0;0;0;0;0,77;3,27;2,87;0,81;0,36;0;0;M3/S;0;0;0;0;0;0,028748507;1,220878136;1,071535245;0,3125;0,134408602;0;0;NA;NA;NA;POST
S;CR_SENTMENAT;CR SENTMENAT NO_REG;TER;498893,3;4658948,75;ES100MSPF2000460;El Ter des de Flaçà fins al mar;2024;excepcionalitat;NO_REG;HM3;3,04;0,78;1,28;0,35;0,63;1,63;1,41;0,36;0,23;0,19;0,41;0,26;0,61;0,08;0,17;0,1;0,06;0,25;0,32;M3/S;0,134408602;0,095072751;0,070937873;0,158179012;0,097072879;0,022774791;0,029868578;0,063470729;0,038580247;0,022401434;0,096450617;0,119474313;NA;NA;NA;POST
S;CR_MOLI_PALS;CR MOLI DE PALS REG;TER;505648,72;4654440,75;ES100MSPF2000460;El Ter des de Flaçà fins al mar;2024;excepcionalitat;REG;HM3;10,38;0;0,92;9,33;0,13;10,25;0,13;0;0;0;0;0;0,92;4,28;3,63;1,42;0,13;0;0;M3/S;0;0;0;0;0;0,034348865;1,597968937;1,355286738;0,547839506;0,04853644;0;0;NA;NA;NA;POST
S;CR_MOLI_PALS;CR MOLI DE PALS NO_REG;TER;505648,72;4654440,75;ES100MSPF2000460;El Ter des de Flaçà fins al mar;2024;excepcionalitat;NO_REG;HM3;1,22;0,06;0,59;0,49;0,08;1,08;0,14;0,02;0,02;0,02;0,07;0,09;0,43;0,1;0,22;0,17;0,02;0,03;0,03;M3/S;0,007467145;0,008267196;0,007467145;0,027006173;0,033602151;0,016054361;0,037335723;0,08213859;0,06558642;0,007467145;0,011574074;0,011200717;NA;NA;NA;POST
S;CR_PARDINA;CR PARDINA REG;TER;467312;4648266;ES100MSPF2000280;El Ter des del Pasteral fins a la confluència de l'Onyar;2023;excepcionalitat;REG;HM3;2,12;0,54;0,38;0,78;0,42;1,16;0,96;0,2;0,16;0,18;0,1;0,06;0,22;0,3;0,31;0,17;0,14;0,14;0,14;M3/S;0,074671446;0,066137566;0,067204301;0,038580247;0,022401434;0,008213859;0,112007168;0,115740741;0,06558642;0,052270012;0,054012346;0,052270012;NA;NA;NA;POST
S;CR_PARDINA;CR PARDINA NO_REG;TER;467312;4648266;ES100MSPF2000280;El Ter des del Pasteral fins a la confluència de l'Onyar;2023;excepcionalitat;NO_REG;HM3;0;0;0;0;0;0;0;0;0;0;0;0;0;0;0;0;0;0;0;M3/S;0;0;0;0;0;0;0;0;0;0;0;0;NA;NA;NA;POST
S;CR_ANGLES;CR ANGLES REG;TER;468800;4647224;ES100MSPF2000280;El Ter des del Pasteral fins a la confluència de l'Onyar;2023;excepcionalitat;REG;HM3;2,12;0,8;0,31;0,91;0,1;1,22;0,9;0,42;0,32;0,06;0,09;0,07;0,15;0,4;0,36;0,15;0,04;0,03;0,03;M3/S;0,156810036;0,132275132;0,022401434;0,034722222;0,026135006;0,005600358;0,149342891;0,134408602;0,05787037;0,014934289;0,011574074;0,011200717;NA;NA;NA;POST
S;CR_ANGLES;CR ANGLES NO_REG;TER;468800;4647224;ES100MSPF2000280;El Ter des del Pasteral fins a la confluència de l'Onyar;2023;excepcionalitat;NO_REG;HM3;0;0;0;0;0;0;0;0;0;0;0;0;0;0;0;0;0;0;0;M3/S;0;0;0;0;0;0;0;0;0;0;0;0;NA;NA;NA;POST
S;CR_STJULIA;CR ST JULIA LLOR REG;TER;471000,67;4645729,45;ES100MSPF2000280;El Ter des del Pasteral fins a la confluència de l'Onyar;2023;excepcionalitat;REG;HM3;0,15;0;0,04;0,11;0;0,15;0;0;0;0;0,01;0,01;0,02;0,04;0,04;0,03;0;0;0;M3/S;0;0;0;0,003858025;0,003733572;0,000746714;0,014934289;0,014934289;0,011574074;0;0;0;NA;NA;NA;POST
S;CR_STJULIA;CR ST JULIA LLOR NO_REG;TER;471000,67;4645729,45;ES100MSPF2000280;El Ter des del Pasteral fins a la confluència de l'Onyar;2023;excepcionalitat;NO_REG;HM3;0;0;0;0;0;0;0;0;0;0;0;0;0;0;0;0;0;0;0;M3/S;0;0;0;0;0;0;0;0;0;0;0;0;NA;NA;NA;POST
S;CR_VILANNA;CR VILANNA REG;TER;472989,93;4646920,38;ES100MSPF2000280;El Ter des del Pasteral fins a la confluència de l'Onyar;2023;excepcionalitat;REG;HM3;1,15;0;0,14;0,98;0,03;1,12;0,03;0;0;0;0;0,02;0,12;0,53;0,25;0,2;0;0;0,03;M3/S;0;0;0;0;0,007467145;0,004480287;0,197879331;0,093339307;0,077160494;0;0;0,011200717;NA;NA;NA;POST
S;CR_VILANNA;CR VILANNA NO_REG;TER;472989,93;4646920,38;ES100MSPF2000280;El Ter des del Pasteral fins a la confluència de l'Onyar;2023;excepcionalitat;NO_REG;HM3;0,23;0;0,11;0,1;0,02;0,21;0,02;0;0;0;0,06;0,01;0,04;0,03;0,02;0,05;0,01;0;0,01;M3/S;0;0;0;0,023148148;0,003733572;0,001493429;0,011200717;0,007467145;0,019290123;0,003733572;0;0,003733572;NA;NA;NA;POST
S;CR_MONAR;CR MONAR REG;TER;479458,11;4646480,44;ES100MSPF2000280;El Ter des del Pasteral fins a la confluència de l'Onyar;2023;excepcionalitat;REG;HM3;4,58;0,24;0,76;3,47;0,11;4,23;0,35;0;0,13;0,11;0,02;0,16;0,58;1,39;1,34;0,74;0,07;0,04;0;M3/S;0;0,053736772;0,041069295;0,007716049;0,059737157;0,021654719;0,518966547;0,500298686;0,285493827;0,026135006;0,015432099;0;NA;NA;NA;POST
S;CR_MONAR;CR MONAR NO_REG;TER;479458,11;4646480,44;ES100MSPF2000280;El Ter des del Pasteral fins a la confluència de l'Onyar;2023;excepcionalitat;NO_REG;HM3;0,92;0,1;0,44;0,28;0,1;0,72;0,2;0;0,06;0,04;0,12;0,21;0,11;0,06;0,08;0,14;0,1;0;0;M3/S;0;0,024801587;0,014934289;0,046296296;0,078405018;0,00410693;0,022401434;0,029868578;0,054012346;0,037335723;0;0;NA;NA;NA;POST
S;CR_CERVIA;CR CERVIA REG;TER;485699,42;4651948,53;ES100MSPF2000380;El Ter entre l'Onyar i el Terri;2023;excepcionalitat;REG;HM3;2,74;0;0,47;2,27;0;2,74;0;0;0;0;0;0;0,47;1,1;0,92;0,25;0;0;0;M3/S;0;0;0;0;0;0,01754779;0,410692951;0,34348865;0,096450617;0;0;0;NA;NA;NA;POST
S;CR_CERVIA;CR CERVIA NO_REG;TER;485699,42;4651948,53;ES100MSPF2000380;El Ter entre l'Onyar i el Terri;2023;excepcionalitat;NO_REG;HM3;0,75;0;0,31;0,38;0,06;0,69;0,06;0;0;0;0;0,02;0,29;0,09;0,1;0,19;0,06;0;0;M3/S;0;0;0;0;0,007467145;0,01082736;0,033602151;0,037335723;0,073302469;0,022401434;0;0;NA;NA;NA;POST
S;CR_VINYALS;CR VINYALS REG;TER;485793,27;4651949,76;ES100MSPF2000380;El Ter entre l'Onyar i el Terri;2023;excepcionalitat;REG;HM3;3,51;0;0,42;3,09;0;3,51;0;0;0;0;0;0;0,42;1,52;1,37;0,2;0;0;0;M3/S;0;0;0;0;0;0,015681004;0,567502987;0,511499403;0,077160494;0;0;0;NA;NA;NA;POST
S;CR_VINYALS;CR VINYALS NO_REG;TER;485793,27;4651949,76;ES100MSPF2000380;El Ter entre l'Onyar i el Terri;2023;excepcionalitat;NO_REG;HM3;2,39;0,83;0,51;0,52;0,53;1,03;1,36;0,28;0,22;0,33;0,13;0,18;0,2;0,13;0,16;0,23;0,3;0,23;0;M3/S;0,104540024;0,090939153;0,123207885;0,050154321;0,067204301;0,007467145;0,04853644;0,059737157;0,088734568;0,112007168;0,088734568;0;NA;NA;NA;POST
S;CR_SENTMENAT;CR SENTMENAT REG;TER;498893,3;4658948,75;ES100MSPF2000460;El Ter des de Flaçà fins al mar;2023;excepcionalitat;REG;HM3;8,45;0;2,68;5,51;0,26;8,19;0,26;0;0;0;0,26;0,33;2,09;2,89;2,26;0,36;0,26;0;0;M3/S;0;0;0;0,100308642;0,123207885;0,078031661;1,079002389;0,843787336;0,138888889;0,097072879;0;0;NA;NA;NA;POST
S;CR_SENTMENAT;CR SENTMENAT NO_REG;TER;498893,3;4658948,75;ES100MSPF2000460;El Ter des de Flaçà fins al mar;2023;excepcionalitat;NO_REG;HM3;5,81;2,22;1,48;1;1,11;2,48;3,33;1;0,62;0,6;0,51;0,38;0,59;0,33;0,31;0,36;0,35;0,52;0,24;M3/S;0,373357228;0,256283069;0,224014337;0,196759259;0,141875747;0,022028076;0,123207885;0,115740741;0,138888889;0,13067503;0,200617284;0,089605735;NA;NA;NA;POST
S;CR_MOLI_PALS;CR MOLI DE PALS REG;TER;505648,72;4654440,75;ES100MSPF2000460;El Ter des de Flaçà fins al mar;2023;excepcionalitat;REG;HM3;9,17;0;2,48;6,56;0,13;9,04;0,13;0;0;0;0,12;0,21;2,15;3,27;2,83;0,46;0,13;0;0;M3/S;0;0;0;0,046296296;0,078405018;0,080271804;1,220878136;1,056600956;0,177469136;0,04853644;0;0;NA;NA;NA;POST
S;CR_MOLI_PALS;CR MOLI DE PALS NO_REG;TER;505648,72;4654440,75;ES100MSPF2000460;El Ter des de Flaçà fins al mar;2023;excepcionalitat;NO_REG;HM3;2,61;0,11;0,98;1,04;0,48;2,02;0,59;0,05;0,03;0,03;0,18;0,22;0,58;0,38;0,39;0,27;0,19;0,27;0,02;M3/S;0,018667861;0,012400794;0,011200717;0,069444444;0,08213859;0,021654719;0,141875747;0,145609319;0,104166667;0,070937873;0,104166667;0,007467145;NA;NA;NA;POST
S;CR_PARDINA;CR PARDINA REG;TER;467312;4648266;ES100MSPF2000280;El Ter des del Pasteral fins a la confluència de l'Onyar;2022;prealerta;REG;HM3;3,7;0,71;0,97;1,28;0,74;2,25;1,45;0,21;0,27;0,23;0,21;0,32;0,44;0,5;0,44;0,34;0,31;0,23;0,2;M3/S;0,078405018;0,111607143;0,085872162;0,081018519;0,119474313;0,016427718;0,186678614;0,16427718;0,13117284;0,115740741;0,088734568;0,074671446;NA;NA;NA;POST
S;CR_PARDINA;CR PARDINA NO_REG;TER;467312;4648266;ES100MSPF2000280;El Ter des del Pasteral fins a la confluència de l'Onyar;2022;prealerta;NO_REG;HM3;0;0;0;0;0;0;0;0;0;0;0;0;0;0;0;0;0;0;0;M3/S;0;0;0;0;0;0;0;0;0;0;0;0;NA;NA;NA;POST
S;CR_ANGLES;CR ANGLES REG;TER;468800;4647224;ES100MSPF2000280;El Ter des del Pasteral fins a la confluència de l'Onyar;2022;prealerta;REG;HM3;7,03;1,6;1,91;2,09;1,43;4;3,03;0,48;0,53;0,59;0,58;0,68;0,65;0,63;0,64;0,82;0,53;0,46;0,44;M3/S;0,17921147;0,219080688;0,220280765;0,223765432;0,253882915;0,02426822;0,235215054;0,238948626;0,316358025;0,197879331;0,177469136;0,16427718;NA;NA;NA;POST
S;CR_ANGLES;CR ANGLES NO_REG;TER;468800;4647224;ES100MSPF2000280;El Ter des del Pasteral fins a la confluència de l'Onyar;2022;prealerta;NO_REG;HM3;0;0;0;0;0;0;0;0;0;0;0;0;0;0;0;0;0;0;0;M3/S;0;0;0;0;0;0;0;0;0;0;0;0;NA;NA;NA;POST
S;CR_STJULIA;CR ST JULIA LLOR REG;TER;471000,67;4645729,45;ES100MSPF2000280;El Ter des del Pasteral fins a la confluència de l'Onyar;2022;prealerta;REG;HM3;0,56;0;0,23;0,25;0,08;0,48;0,08;0;0;0;0,03;0,1;0,1;0,1;0,07;0,08;0,08;0;0;M3/S;0;0;0;0,011574074;0,037335723;0,003733572;0,037335723;0,026135006;0,030864198;0,029868578;0;0;NA;NA;NA;POST
S;CR_STJULIA;CR ST JULIA LLOR NO_REG;TER;471000,67;4645729,45;ES100MSPF2000280;El Ter des del Pasteral fins a la confluència de l'Onyar;2022;prealerta;NO_REG;HM3;0;0;0;0;0;0;0;0;0;0;0;0;0;0;0;0;0;0;0;M3/S;0;0;0;0;0;0;0;0;0;0;0;0;NA;NA;NA;POST
S;CR_VILANNA;CR VILANNA REG;TER;472989,93;4646920,38;ES100MSPF2000280;El Ter des del Pasteral fins a la confluència de l'Onyar;2022;prealerta;REG;HM3;2,07;0,03;0,77;1,12;0,15;1,89;0,18;0;0,02;0,01;0,09;0,18;0,5;0,54;0,39;0,19;0,09;0,06;0;M3/S;0;0,008267196;0,003733572;0,034722222;0,067204301;0,018667861;0,201612903;0,145609319;0,073302469;0,033602151;0,023148148;0;NA;NA;NA;POST
S;CR_VILANNA;CR VILANNA NO_REG;TER;472989,93;4646920,38;ES100MSPF2000280;El Ter des del Pasteral fins a la confluència de l'Onyar;2022;prealerta;NO_REG;HM3;0,33;0;0,13;0,17;0,03;0,3;0,03;0;0;0;0,04;0,07;0,02;0,05;0,11;0,01;0,02;0,01;0;M3/S;0;0;0;0,015432099;0,026135006;0,000746714;0,018667861;0,041069295;0,003858025;0,007467145;0,003858025;0;NA;NA;NA;POST
S;CR_MONAR;CR MONAR REG;TER;479458,11;4646480,44;ES100MSPF2000280;El Ter des del Pasteral fins a la confluència de l'Onyar;2022;prealerta;REG;HM3;6,51;1,4;1,72;3,29;0,1;5,01;1,5;0,38;0,36;0,66;0,25;0,44;1,03;1,47;1,04;0,78;0,05;0;0,05;M3/S;0,141875747;0,148809524;0,246415771;0,096450617;0,16427718;0,038455795;0,548835125;0,388291517;0,300925926;0,018667861;0;0,018667861;NA;NA;NA;POST
S;CR_MONAR;CR MONAR NO_REG;TER;479458,11;4646480,44;ES100MSPF2000280;El Ter des del Pasteral fins a la confluència de l'Onyar;2022;prealerta;NO_REG;HM3;1,02;0,2;0,33;0,48;0,01;0,81;0,21;0,05;0,04;0,11;0,1;0,19;0,04;0,12;0,3;0,06;0;0;0,01;M3/S;0,018667861;0,016534392;0,041069295;0,038580247;0,070937873;0,001493429;0,044802867;0,112007168;0,023148148;0;0;0,003733572;NA;NA;NA;POST
S;CR_CERVIA;CR CERVIA REG;TER;485699,42;4651948,53;ES100MSPF2000380;El Ter entre l'Onyar i el Terri;2022;prealerta;REG;HM3;4,6;0;1,85;2,75;0;4,6;0;0;0;0;0;0,24;1,61;1,66;0,89;0,2;0;0;0;M3/S;0;0;0;0;0,089605735;0,060110514;0,619772999;0,332287933;0,077160494;0;0;0;NA;NA;NA;POST
S;CR_CERVIA;CR CERVIA NO_REG;TER;485699,42;4651948,53;ES100MSPF2000380;El Ter entre l'Onyar i el Terri;2022;prealerta;NO_REG;HM3;0,89;0,02;0,2;0,61;0,06;0,81;0,08;0;0;0,02;0,02;0,15;0,03;0,14;0,47;0;0,02;0,04;0;M3/S;0;0;0,007467145;0,007716049;0,056003584;0,001120072;0,052270012;0,175477897;0;0,007467145;0,015432099;0;NA;NA;NA;POST
S;CR_VINYALS;CR VINYALS REG;TER;485793,27;4651949,76;ES100MSPF2000380;El Ter entre l'Onyar i el Terri;2022;prealerta;REG;HM3;7,12;0;2,47;4,65;0;7,12;0;0;0;0;0;0,39;2,08;2,17;1,3;1,18;0;0;0;M3/S;0;0;0;0;0,145609319;0,077658303;0,810185185;0,485364397;0,455246914;0;0;0;NA;NA;NA;POST
S;CR_VINYALS;CR VINYALS NO_REG;TER;485793,27;4651949,76;ES100MSPF2000380;El Ter entre l'Onyar i el Terri;2022;prealerta;NO_REG;HM3;4,26;1,04;0,91;0,95;1,36;1,86;2,4;0,4;0,26;0,38;0,34;0,53;0,04;0,18;0,76;0,01;0,53;0,59;0,24;M3/S;0,149342891;0,107473545;0,141875747;0,13117284;0,197879331;0,001493429;0,067204301;0,283751493;0,003858025;0,197879331;0,227623457;0,089605735;NA;NA;NA;POST
S;CR_SENTMENAT;CR SENTMENAT REG;TER;498893,3;4658948,75;ES100MSPF2000460;El Ter des de Flaçà fins al mar;2022;prealerta;REG;HM3;19,47;0,05;8,01;11,41;0;19,42;0,05;0;0,05;0;0,48;1,55;5,98;6,17;3,98;1,26;0;0;0;M3/S;0;0,020667989;0;0,185185185;0,578703704;0,223267622;2,303614098;1,485961768;0,486111111;0;0;0;NA;NA;NA;POST
S;CR_SENTMENAT;CR SENTMENAT NO_REG;TER;498893,3;4658948,75;ES100MSPF2000460;El Ter des de Flaçà fins al mar;2022;prealerta;NO_REG;HM3;7,72;2,23;1,3;1,61;2,58;2,91;4,81;0,75;0,89;0,59;0,41;0,48;0,41;0,56;0,87;0,18;0,68;0,88;1,02;M3/S;0,280017921;0,367890212;0,220280765;0,158179012;0,17921147;0,015307646;0,209080048;0,324820789;0,069444444;0,253882915;0,339506173;0,380824373;NA;NA;NA;POST
S;CR_MOLI_PALS;CR MOLI DE PALS REG;TER;505648,72;4654440,75;ES100MSPF2000460;El Ter des de Flaçà fins al mar;2022;prealerta;REG;HM3;17,09;0,01;6,23;10,85;0;17,08;0,01;0;0,01;0;0,22;1,32;4,69;5,16;4,34;1,35;0;0;0;M3/S;0;0,004133598;0;0,084876543;0,492831541;0,17510454;1,926523297;1,62037037;0,520833333;0;0;0;NA;NA;NA;POST
S;CR_MOLI_PALS;CR MOLI DE PALS NO_REG;TER;505648,72;4654440,75;ES100MSPF2000460;El Ter des de Flaçà fins al mar;2022;prealerta;NO_REG;HM3;3,78;0,47;0,93;1,63;0,75;2,56;1,22;0,14;0,15;0,18;0,18;0,43;0,32;0,46;0,98;0,19;0,36;0,27;0,12;M3/S;0,052270012;0,062003968;0,067204301;0,069444444;0,160543608;0,011947431;0,171744325;0,365890084;0,073302469;0,134408602;0,104166667;0,044802867;NA;NA;NA;POST
S;CR_PARDINA;CR PARDINA REG;TER;467312;4648266;ES100MSPF2000280;El Ter des del Pasteral fins a la confluència de l'Onyar;2021;normalitat;REG;HM3;4,14;0,77;1,19;1,33;0,85;2,52;1,62;0,28;0,23;0,26;0,36;0,37;0,46;0,55;0,51;0,27;0,37;0,24;0,24;M3/S;0,104540024;0,095072751;0,097072879;0,138888889;0,138142174;0,017174432;0,205346476;0,190412186;0,104166667;0,138142174;0,092592593;0,089605735;NA;NA;NA;POST
S;CR_PARDINA;CR PARDINA NO_REG;TER;467312;4648266;ES100MSPF2000280;El Ter des del Pasteral fins a la confluència de l'Onyar;2021;normalitat;NO_REG;HM3;0;0;0;0;0;0;0;0;0;0;0;0;0;0;0;0;0;0;0;M3/S;0;0;0;0;0;0;0;0;0;0;0;0;NA;NA;NA;POST
S;CR_ANGLES;CR ANGLES REG;TER;468800;4647224;ES100MSPF2000280;El Ter des del Pasteral fins a la confluència de l'Onyar;2021;normalitat;REG;HM3;5,92;1,57;1,37;1,61;1,37;2,98;2,94;0,51;0,5;0,56;0,54;0,29;0,54;0,52;0,57;0,52;0,59;0,42;0,36;M3/S;0,190412186;0,206679894;0,209080048;0,208333333;0,108273596;0,02016129;0,194145759;0,21281362;0,200617284;0,220280765;0,162037037;0,134408602;NA;NA;NA;POST
S;CR_ANGLES;CR ANGLES NO_REG;TER;468800;4647224;ES100MSPF2000280;El Ter des del Pasteral fins a la confluència de l'Onyar;2021;normalitat;NO_REG;HM3;0,27;0;0,27;0;0;0,27;0;0;0;0;0;0,27;0;0;0;0;0;0;0;M3/S;0;0;0;0;0,100806452;0;0;0;0;0;0;0;NA;NA;NA;POST
S;CR_STJULIA;CR ST JULIA LLOR REG;TER;471000,67;4645729,45;ES100MSPF2000280;El Ter des del Pasteral fins a la confluència de l'Onyar;2021;normalitat;REG;HM3;0,52;0,1;0,18;0,19;0,05;0,37;0,15;0,02;0,03;0,05;0,07;0,04;0,07;0,06;0,07;0,06;0,05;0;0;M3/S;0,007467145;0,012400794;0,018667861;0,027006173;0,014934289;0,002613501;0,022401434;0,026135006;0,023148148;0,018667861;0;0;NA;NA;NA;POST
S;CR_STJULIA;CR ST JULIA LLOR NO_REG;TER;471000,67;4645729,45;ES100MSPF2000280;El Ter des del Pasteral fins a la confluència de l'Onyar;2021;normalitat;NO_REG;HM3;0,04;0;0,04;0;0;0,04;0;0;0;0;0;0,04;0;0;0;0;0;0;0;M3/S;0;0;0;0;0,014934289;0;0;0;0;0;0;0;NA;NA;NA;POST
S;CR_VILANNA;CR VILANNA REG;TER;472989,93;4646920,38;ES100MSPF2000280;El Ter des del Pasteral fins a la confluència de l'Onyar;2021;normalitat;REG;HM3;2,21;0;0,68;1,4;0,13;2,08;0,13;0;0;0;0,1;0,14;0,44;0,67;0,56;0,17;0,13;0;0;M3/S;0;0;0;0,038580247;0,052270012;0,016427718;0,250149343;0,209080048;0,06558642;0,04853644;0;0;NA;NA;NA;POST
S;CR_VILANNA;CR VILANNA NO_REG;TER;472989,93;4646920,38;ES100MSPF2000280;El Ter des del Pasteral fins a la confluència de l'Onyar;2021;normalitat;NO_REG;HM3;0,31;0;0,22;0,08;0,01;0,3;0,01;0;0;0;0,07;0,08;0,07;0,02;0,04;0,02;0,01;0;0;M3/S;0;0;0;0,027006173;0,029868578;0,002613501;0,007467145;0,014934289;0,007716049;0,003733572;0;0;NA;NA;NA;POST
S;CR_MONAR;CR MONAR REG;TER;479458,11;4646480,44;ES100MSPF2000280;El Ter des del Pasteral fins a la confluència de l'Onyar;2021;normalitat;REG;HM3;3,88;0,61;0,68;2,09;0,5;2,77;1,11;0,53;0,03;0,05;0,02;0,16;0,5;0,82;1,01;0,26;0,11;0,22;0,17;M3/S;0,197879331;0,012400794;0,018667861;0,007716049;0,059737157;0,018667861;0,306152927;0,3770908;0,100308642;0,041069295;0,084876543;0,063470729;NA;NA;NA;POST
S;CR_MONAR;CR MONAR NO_REG;TER;479458,11;4646480,44;ES100MSPF2000280;El Ter des del Pasteral fins a la confluència de l'Onyar;2021;normalitat;NO_REG;HM3;0,48;0,06;0,23;0,12;0,07;0,35;0,13;0,03;0;0,03;0,02;0,1;0,11;0,02;0,07;0,03;0,01;0,04;0,02;M3/S;0,011200717;0;0,011200717;0,007716049;0,037335723;0,00410693;0,007467145;0,026135006;0,011574074;0,003733572;0,015432099;0,007467145;NA;NA;NA;POST
S;CR_CERVIA;CR CERVIA REG;TER;485699,42;4651948,53;ES100MSPF2000380;El Ter entre l'Onyar i el Terri;2021;normalitat;REG;HM3;4,74;0;1,57;3,17;0;4,74;0;0;0;0;0,03;0,07;1,47;1,73;1,37;0,07;0;0;0;M3/S;0;0;0;0,011574074;0,026135006;0,054883513;0,645908005;0,511499403;0,027006173;0;0;0;NA;NA;NA;POST
S;CR_CERVIA;CR CERVIA NO_REG;TER;485699,42;4651948,53;ES100MSPF2000380;El Ter entre l'Onyar i el Terri;2021;normalitat;NO_REG;HM3;0,72;0;0,43;0,19;0,1;0,62;0,1;0;0;0;0,11;0,1;0,22;0,02;0,11;0,06;0,09;0;0,01;M3/S;0;0;0;0,042438272;0,037335723;0,008213859;0,007467145;0,041069295;0,023148148;0,033602151;0;0,003733572;NA;NA;NA;POST
S;CR_VINYALS;CR VINYALS REG;TER;485793,27;4651949,76;ES100MSPF2000380;El Ter entre l'Onyar i el Terri;2021;normalitat;REG;HM3;7,44;0,25;2,18;5,01;0;7,19;0,25;0,1;0;0,15;0,14;0,17;1,87;2,73;1,9;0,38;0;0;0;M3/S;0,037335723;0;0,056003584;0,054012346;0,063470729;0,069817802;1,019265233;0,709378734;0,146604938;0;0;0;NA;NA;NA;POST
S;CR_VINYALS;CR VINYALS NO_REG;TER;485793,27;4651949,76;ES100MSPF2000380;El Ter entre l'Onyar i el Terri;2021;normalitat;NO_REG;HM3;3,9;0,65;1,02;0,39;1,84;1,41;2,49;0,13;0,31;0,21;0,39;0,36;0,27;0,03;0,13;0,23;0,81;0,66;0,37;M3/S;0,04853644;0,128141534;0,078405018;0,150462963;0,134408602;0,010080645;0,011200717;0,04853644;0,088734568;0,302419355;0,25462963;0,138142174;NA;NA;NA;POST
S;CR_SENTMENAT;CR SENTMENAT REG;TER;498893,3;4658948,75;ES100MSPF2000460;El Ter des de Flaçà fins al mar;2021;normalitat;REG;HM3;22,74;0,83;7,83;14,08;0;21,91;0,83;0,33;0,12;0,38;0,83;1,08;5,92;6,75;6;1,33;0;0;0;M3/S;0,123207885;0,049603175;0,141875747;0,320216049;0,403225806;0,221027479;2,52016129;2,240143369;0,513117284;0;0;0;NA;NA;NA;POST
S;CR_SENTMENAT;CR SENTMENAT NO_REG;TER;498893,3;4658948,75;ES100MSPF2000460;El Ter des de Flaçà fins al mar;2021;normalitat;NO_REG;HM3;10,13;2,23;2,35;2,44;3,11;4,79;5,34;0,52;0,86;0,85;0,82;0,92;0,61;0,53;0,55;1,36;1,54;0,93;0,64;M3/S;0,194145759;0,355489418;0,317353644;0,316358025;0,34348865;0,022774791;0,197879331;0,205346476;0,524691358;0,574970131;0,358796296;0,238948626;NA;NA;NA;POST
S;CR_MOLI_PALS;CR MOLI DE PALS REG;TER;505648,72;4654440,75;ES100MSPF2000460;El Ter des de Flaçà fins al mar;2021;normalitat;REG;HM3;20,07;0,9;6,56;12,61;0;19,17;0,9;0,36;0,13;0,41;0,91;1,17;4,48;5,82;5,31;1,48;0;0;0;M3/S;0,134408602;0,053736772;0,153076464;0,351080247;0,436827957;0,167264038;2,172939068;1,982526882;0,570987654;0;0;0;NA;NA;NA;POST
S;CR_MOLI_PALS;CR MOLI DE PALS NO_REG;TER;505648,72;4654440,75;ES100MSPF2000460;El Ter des de Flaçà fins al mar;2021;normalitat;NO_REG;HM3;9,11;2,42;2,36;1,89;2,44;4,25;4,86;0,56;0,94;0,92;0,89;1,01;0,46;0,46;0,48;0,95;1,58;0,62;0,24;M3/S;0,209080048;0,388558201;0,34348865;0,343364198;0,3770908;0,017174432;0,171744325;0,17921147;0,366512346;0,589904421;0,239197531;0,089605735;NA;NA;NA;POST
S;CR_PARDINA;CR PARDINA REG;TER;467312;4648266;ES100MSPF2000280;El Ter des del Pasteral fins a la confluència de l'Onyar;2020;normalitat;REG;HM3;4,23;0,87;1,13;1,32;0,91;2,45;1,78;0,23;0,25;0,39;0,34;0,35;0,44;0,5;0,49;0,33;0,33;0,29;0,29;M3/S;0,085872162;0,103339947;0,145609319;0,13117284;0,13067503;0,016427718;0,186678614;0,182945042;0,127314815;0,123207885;0,111882716;0,108273596;NA;NA;NA;POST
S;CR_PARDINA;CR PARDINA NO_REG;TER;467312;4648266;ES100MSPF2000280;El Ter des del Pasteral fins a la confluència de l'Onyar;2020;normalitat;NO_REG;HM3;0;0;0;0;0;0;0;0;0;0;0;0;0;0;0;0;0;0;0;M3/S;0;0;0;0;0;0;0;0;0;0;0;0;NA;NA;NA;POST
S;CR_ANGLES;CR ANGLES REG;TER;468800;4647224;ES100MSPF2000280;El Ter des del Pasteral fins a la confluència de l'Onyar;2020;normalitat;REG;HM3;1,63;0,33;0;0,64;0,66;0,64;0,99;0,26;0;0,07;0;0;0;0,06;0,43;0,15;0,27;0,11;0,28;M3/S;0,097072879;0;0,026135006;0;0;0;0,022401434;0,160543608;0,05787037;0,100806452;0,042438272;0,104540024;NA;NA;NA;POST
S;CR_ANGLES;CR ANGLES NO_REG;TER;468800;4647224;ES100MSPF2000280;El Ter des del Pasteral fins a la confluència de l'Onyar;2020;normalitat;NO_REG;HM3;4,4;1,18;1,54;0,99;0,69;2,53;1,87;0,26;0,47;0,45;0,48;0,53;0,53;0,49;0,12;0,38;0,27;0,21;0,21;M3/S;0,097072879;0,194279101;0,168010753;0,185185185;0,197879331;0,019787933;0,182945042;0,044802867;0,146604938;0,100806452;0,081018519;0,078405018;NA;NA;NA;POST
S;CR_STJULIA;CR ST JULIA LLOR REG;TER;471000,67;4645729,45;ES100MSPF2000280;El Ter des del Pasteral fins a la confluència de l'Onyar;2020;normalitat;REG;HM3;0,16;0,01;0;0,09;0,06;0,09;0,07;0;0;0,01;0;0;0;0,01;0,06;0,02;0,04;0;0,02;M3/S;0;0;0,003733572;0;0;0;0,003733572;0,022401434;0,007716049;0,014934289;0;0,007467145;NA;NA;NA;POST
S;CR_STJULIA;CR ST JULIA LLOR NO_REG;TER;471000,67;4645729,45;ES100MSPF2000280;El Ter des del Pasteral fins a la confluència de l'Onyar;2020;normalitat;NO_REG;HM3;0,42;0,02;0,2;0,13;0,07;0,33;0,09;0;0;0,02;0,08;0,06;0,06;0,06;0,02;0,05;0,04;0,01;0,02;M3/S;0;0;0,007467145;0,030864198;0,022401434;0,002240143;0,022401434;0,007467145;0,019290123;0,014934289;0,003858025;0,007467145;NA;NA;NA;POST
S;CR_VILANNA;CR VILANNA REG;TER;472989,93;4646920,38;ES100MSPF2000280;El Ter des del Pasteral fins a la confluència de l'Onyar;2020;normalitat;REG;HM3;0,82;0;0;0,8;0,02;0,8;0,02;0;0;0;0;0;0;0,32;0,35;0,13;0,02;0;0;M3/S;0;0;0;0;0;0;0,119474313;0,13067503;0,050154321;0,007467145;0;0;NA;NA;NA;POST
S;CR_VILANNA;CR VILANNA NO_REG;TER;472989,93;4646920,38;ES100MSPF2000280;El Ter des del Pasteral fins a la confluència de l'Onyar;2020;normalitat;NO_REG;HM3;1,2;0;0,56;0,62;0,02;1,18;0,02;0;0;0;0;0,3;0,26;0,31;0,15;0,16;0,01;0,01;0;M3/S;0;0;0;0;0,112007168;0,009707288;0,115740741;0,056003584;0,061728395;0,003733572;0,003858025;0;NA;NA;NA;POST
S;CR_MONAR;CR MONAR REG;TER;479458,11;4646480,44;ES100MSPF2000280;El Ter des del Pasteral fins a la confluència de l'Onyar;2020;normalitat;REG;HM3;3,95;0,5;0;2,09;1,36;2,09;1,86;0,5;0;0;0;0;0;0,94;0,87;0,28;0,5;0,23;0,63;M3/S;0,186678614;0;0;0;0;0;0,350955795;0,324820789;0,108024691;0,186678614;0,088734568;0,235215054;NA;NA;NA;POST
S;CR_MONAR;CR MONAR NO_REG;TER;479458,11;4646480,44;ES100MSPF2000280;El Ter des del Pasteral fins a la confluència de l'Onyar;2020;normalitat;NO_REG;HM3;5,78;0,8;2,03;1,9;1,05;3,93;1,85;0,15;0,65;0;0,19;0,55;1,29;0,81;0,51;0,58;0,15;0,62;0,28;M3/S;0,056003584;0,268683862;0;0,073302469;0,205346476;0,048163082;0,302419355;0,190412186;0,223765432;0,056003584;0,239197531;0,104540024;NA;NA;NA;POST
S;CR_CERVIA;CR CERVIA REG;TER;485699,42;4651948,53;ES100MSPF2000380;El Ter entre l'Onyar i el Terri;2020;normalitat;REG;HM3;1,23;0;0;1,23;0;1,23;0;0;0;0;0;0;0;0;1,23;0;0;0;0;M3/S;0;0;0;0;0;0;0;0,459229391;0;0;0;0;NA;NA;NA;POST
S;CR_CERVIA;CR CERVIA NO_REG;TER;485699,42;4651948,53;ES100MSPF2000380;El Ter entre l'Onyar i el Terri;2020;normalitat;NO_REG;HM3;3,13;0;0,82;2,21;0,1;3,03;0,1;0;0;0;0;0,35;0,47;1,56;0,25;0,4;0,09;0,01;0;M3/S;0;0;0;0;0,13067503;0,01754779;0,582437276;0,093339307;0,154320988;0,033602151;0,003858025;0;NA;NA;NA;POST
S;CR_VINYALS;CR VINYALS REG;TER;485793,27;4651949,76;ES100MSPF2000380;El Ter entre l'Onyar i el Terri;2020;normalitat;REG;HM3;2,17;0;0;2,17;0;2,17;0;0;0;0;0;0;0;0;2,17;0;0;0;0;M3/S;0;0;0;0;0;0;0;0,810185185;0;0;0;0;NA;NA;NA;POST
S;CR_VINYALS;CR VINYALS NO_REG;TER;485793,27;4651949,76;ES100MSPF2000380;El Ter entre l'Onyar i el Terri;2020;normalitat;NO_REG;HM3;7,58;0,32;1,81;3,86;1,59;5,67;1,91;0,04;0;0,28;0,29;0,66;0,86;2,31;0,48;1,07;0,79;0,64;0,16;M3/S;0,014934289;0;0,104540024;0,111882716;0,246415771;0,032108722;0,862455197;0,17921147;0,412808642;0,29495221;0,24691358;0,059737157;NA;NA;NA;POST
S;CR_SENTMENAT;CR SENTMENAT REG;TER;498893,3;4658948,75;ES100MSPF2000460;El Ter des de Flaçà fins al mar;2020;normalitat;REG;HM3;8,87;0;0;8,87;0;8,87;0;0;0;0;0;0;0;2,76;5,79;0,32;0;0;0;M3/S;0;0;0;0;0;0;1,03046595;2,161738351;0,12345679;0;0;0;NA;NA;NA;POST
S;CR_SENTMENAT;CR SENTMENAT NO_REG;TER;498893,3;4658948,75;ES100MSPF2000460;El Ter des de Flaçà fins al mar;2020;normalitat;NO_REG;HM3;16,18;0,97;4,63;7,19;3,39;11,82;4,36;0,37;0,26;0,34;0,45;1,21;2,97;4,39;0,67;2,13;1,4;0,98;1,01;M3/S;0,138142174;0,107473545;0,126941458;0,173611111;0,451762246;0,110887097;1,639038232;0,250149343;0,821759259;0,522700119;0,37808642;0,3770908;NA;NA;NA;POST
S;CR_MOLI_PALS;CR MOLI DE PALS REG;TER;505648,72;4654440,75;ES100MSPF2000460;El Ter des de Flaçà fins al mar;2020;normalitat;REG;HM3;9,67;0;0;9,67;0;9,67;0;0;0;0;0;0;0;3,01;6,31;0,35;0;0;0;M3/S;0;0;0;0;0;0;1,123805257;2,35588411;0,135030864;0;0;0;NA;NA;NA;POST
S;CR_MOLI_PALS;CR MOLI DE PALS NO_REG;TER;505648,72;4654440,75;ES100MSPF2000460;El Ter des de Flaçà fins al mar;2020;normalitat;NO_REG;HM3;18,17;1,6;5,04;7,83;3,7;12,87;5,3;1,42;0,18;0;0,49;1,31;3,24;4,78;0,73;2,32;1,53;1,07;1,1;M3/S;0,530167264;0,074404762;0;0,18904321;0,489097969;0,120967742;1,784647551;0,272550777;0,895061728;0,571236559;0,412808642;0,410692951;NA;NA;NA;POST
S;CR_PARDINA;CR PARDINA REG TOTAL;TER;467312;4648266;ES100MSPF2000280;El Ter des del Pasteral fins a la confluència de l'Onyar;2024;excepcionalitat;TOTAL;HM3;1,55;0,26;0,2;0,89;0,2;1,09;0,46;0,19;0,04;0,03;0,02;0,01;0,17;0,36;0,33;0,2;0,08;0,06;0,06;M3/S;0,070937873;0,016534392;0,011200717;0,007716049;0,003733572;0,006347073;0,134408602;0,123207885;0,077160494;0,029868578;0,023148148;0,022401434;NA;NA;NA;POST
S;CR_ANGLES;CR ANGLES REG TOTAL;TER;468800;4647224;ES100MSPF2000280;El Ter des del Pasteral fins a la confluència de l'Onyar;2024;excepcionalitat;TOTAL;HM3;0,66;0,02;0;0,64;0;0,64;0,02;0,02;0;0;0;0;0;0,21;0,32;0,11;0;0;0;M3/S;0,007467145;0;0;0;0;0;0,078405018;0,119474313;0,042438272;0;0;0;NA;NA;NA;POST
S;CR_STJULIA;CR ST JULIA LLOR REG TOTAL;TER;471000,67;4645729,45;ES100MSPF2000280;El Ter des del Pasteral fins a la confluència de l'Onyar;2024;excepcionalitat;TOTAL;HM3;0,23;0,02;0,01;0,2;0;0,21;0,02;0;0,01;0,01;0;0;0,01;0,07;0,07;0,06;0;0;0;M3/S;0;0,004133598;0,003733572;0;0;0,000373357;0,026135006;0,026135006;0,023148148;0;0;0;NA;NA;NA;POST
S;CR_VILANNA;CR VILANNA REG TOTAL;TER;472989,93;4646920,38;ES100MSPF2000280;El Ter des del Pasteral fins a la confluència de l'Onyar;2024;excepcionalitat;TOTAL;HM3;1,25;0,14;0,06;0,91;0,14;0,97;0,28;0,01;0,08;0,05;0;0;0,06;0,34;0,31;0,26;0,13;0,01;0;M3/S;0,003733572;0,033068783;0,018667861;0;0;0,002240143;0,126941458;0,115740741;0,100308642;0,04853644;0,003858025;0;NA;NA;NA;POST
S;CR_MONAR;CR MONAR REG TOTAL;TER;479458,11;4646480,44;ES100MSPF2000280;El Ter des del Pasteral fins a la confluència de l'Onyar;2024;excepcionalitat;TOTAL;HM3;4,43;0,04;0,15;4,07;0,17;4,22;0,21;0;0,02;0,02;0;0;0,15;1,21;1,76;1,1;0,17;0;0;M3/S;0;0,008267196;0,007467145;0;0;0,005600358;0,451762246;0,657108722;0,424382716;0,063470729;0;0;NA;NA;NA;POST
S;CR_CERVIA;CR CERVIA REG TOTAL;TER;485699,42;4651948,53;ES100MSPF2000380;El Ter entre l'Onyar i el Terri;2024;excepcionalitat;TOTAL;HM3;2,64;0,01;0,01;2,59;0,03;2,6;0,04;0,01;0;0;0;0;0,01;1,04;1,09;0,46;0,03;0;0;M3/S;0,003733572;0;0;0;0;0,000373357;0,388291517;0,406959379;0,177469136;0,011200717;0;0;NA;NA;NA;POST
S;CR_VINYALS;CR VINYALS REG TOTAL;TER;485793,27;4651949,76;ES100MSPF2000380;El Ter entre l'Onyar i el Terri;2024;excepcionalitat;TOTAL;HM3;2,89;0,04;0,08;2,6;0,17;2,68;0,21;0,03;0,01;0;0;0;0,08;1,03;1,15;0,42;0,07;0,05;0,05;M3/S;0,011200717;0,004133598;0;0;0;0,002986858;0,384557945;0,429360812;0,162037037;0,026135006;0,019290123;0,018667861;NA;NA;NA;POST
S;CR_SENTMENAT;CR SENTMENAT REG TOTAL;TER;498893,3;4658948,75;ES100MSPF2000460;El Ter des de Flaçà fins al mar;2024;excepcionalitat;TOTAL;HM3;11,12;0,78;2,05;7,3;0,99;9,35;1,77;0,36;0,23;0,19;0,41;0,26;1,38;3,35;3,04;0,91;0,42;0,25;0,32;M3/S;0,134408602;0,095072751;0,070937873;0,158179012;0,097072879;0,051523297;1,250746714;1,135005974;0,351080247;0,156810036;0,096450617;0,119474313;NA;NA;NA;POST
S;CR_MOLI_PALS;CR MOLI DE PALS REG TOTAL;TER;505648,72;4654440,75;ES100MSPF2000460;El Ter des de Flaçà fins al mar;2024;excepcionalitat;TOTAL;HM3;11,6;0,06;1,51;9,82;0,21;11,33;0,27;0,02;0,02;0,02;0,07;0,09;1,35;4,38;3,85;1,59;0,15;0,03;0,03;M3/S;0,007467145;0,008267196;0,007467145;0,027006173;0,033602151;0,050403226;1,635304659;1,437425329;0,613425926;0,056003584;0,011574074;0,011200717;NA;NA;NA;POST
S;CR_PARDINA;CR PARDINA REG TOTAL;TER;467312;4648266;ES100MSPF2000280;El Ter des del Pasteral fins a la confluència de l'Onyar;2023;excepcionalitat;TOTAL;HM3;2,12;0,54;0,38;0,78;0,42;1,16;0,96;0,2;0,16;0,18;0,1;0,06;0,22;0,3;0,31;0,17;0,14;0,14;0,14;M3/S;0,074671446;0,066137566;0,067204301;0,038580247;0,022401434;0,008213859;0,112007168;0,115740741;0,06558642;0,052270012;0,054012346;0,052270012;NA;NA;NA;POST
S;CR_ANGLES;CR ANGLES REG TOTAL;TER;468800;4647224;ES100MSPF2000280;El Ter des del Pasteral fins a la confluència de l'Onyar;2023;excepcionalitat;TOTAL;HM3;2,12;0,8;0,31;0,91;0,1;1,22;0,9;0,42;0,32;0,06;0,09;0,07;0,15;0,4;0,36;0,15;0,04;0,03;0,03;M3/S;0,156810036;0,132275132;0,022401434;0,034722222;0,026135006;0,005600358;0,149342891;0,134408602;0,05787037;0,014934289;0,011574074;0,011200717;NA;NA;NA;POST
S;CR_STJULIA;CR ST JULIA LLOR REG TOTAL;TER;471000,67;4645729,45;ES100MSPF2000280;El Ter des del Pasteral fins a la confluència de l'Onyar;2023;excepcionalitat;TOTAL;HM3;0,15;0;0,04;0,11;0;0,15;0;0;0;0;0,01;0,01;0,02;0,04;0,04;0,03;0;0;0;M3/S;0;0;0;0,003858025;0,003733572;0,000746714;0,014934289;0,014934289;0,011574074;0;0;0;NA;NA;NA;POST
S;CR_VILANNA;CR VILANNA REG TOTAL;TER;472989,93;4646920,38;ES100MSPF2000280;El Ter des del Pasteral fins a la confluència de l'Onyar;2023;excepcionalitat;TOTAL;HM3;1,38;0;0,25;1,08;0,05;1,33;0,05;0;0;0;0,06;0,03;0,16;0,56;0,27;0,25;0,01;0;0,04;M3/S;0;0;0;0,023148148;0,011200717;0,005973716;0,209080048;0,100806452;0,096450617;0,003733572;0;0,014934289;NA;NA;NA;POST
S;CR_MONAR;CR MONAR REG TOTAL;TER;479458,11;4646480,44;ES100MSPF2000280;El Ter des del Pasteral fins a la confluència de l'Onyar;2023;excepcionalitat;TOTAL;HM3;4,81;0,24;0,87;3,57;0,13;4,44;0,37;0;0,13;0,11;0,08;0,17;0,62;1,42;1,36;0,79;0,08;0,04;0,01;M3/S;0;0,053736772;0,041069295;0,030864198;0,063470729;0,023148148;0,530167264;0,50776583;0,304783951;0,029868578;0,015432099;0,003733572;NA;NA;NA;POST
S;CR_CERVIA;CR CERVIA REG TOTAL;TER;485699,42;4651948,53;ES100MSPF2000380;El Ter entre l'Onyar i el Terri;2023;excepcionalitat;TOTAL;HM3;3,49;0;0,78;2,65;0,06;3,43;0,06;0;0;0;0;0,02;0,76;1,19;1,02;0,44;0,06;0;0;M3/S;0;0;0;0;0,007467145;0,028375149;0,444295102;0,380824373;0,169753086;0,022401434;0;0;NA;NA;NA;POST
S;CR_VINYALS;CR VINYALS REG TOTAL;TER;485793,27;4651949,76;ES100MSPF2000380;El Ter entre l'Onyar i el Terri;2023;excepcionalitat;TOTAL;HM3;5,9;0,83;0,93;3,61;0,53;4,54;1,36;0,28;0,22;0,33;0,13;0,18;0,62;1,65;1,53;0,43;0,3;0,23;0;M3/S;0,104540024;0,090939153;0,123207885;0,050154321;0,067204301;0,023148148;0,616039427;0,571236559;0,165895062;0,112007168;0,088734568;0;NA;NA;NA;POST
S;CR_SENTMENAT;CR SENTMENAT REG TOTAL;TER;498893,3;4658948,75;ES100MSPF2000460;El Ter des de Flaçà fins al mar;2023;excepcionalitat;TOTAL;HM3;14,26;2,22;4,16;6,51;1,37;10,67;3,59;1;0,62;0,6;0,77;0,71;2,68;3,22;2,57;0,72;0,61;0,52;0,24;M3/S;0,373357228;0,256283069;0,224014337;0,297067901;0,265083632;0,100059737;1,202210275;0,959528076;0,277777778;0,227747909;0,200617284;0,089605735;NA;NA;NA;POST
S;CR_MOLI_PALS;CR MOLI DE PALS REG TOTAL;TER;505648,72;4654440,75;ES100MSPF2000460;El Ter des de Flaçà fins al mar;2023;excepcionalitat;TOTAL;HM3;11,78;0,11;3,46;7,6;0,61;11,06;0,72;0,05;0,03;0,03;0,3;0,43;2,73;3,65;3,22;0,73;0,32;0,27;0,02;M3/S;0,018667861;0,012400794;0,011200717;0,115740741;0,160543608;0,101926523;1,362753883;1,202210275;0,281635802;0,119474313;0,104166667;0,007467145;NA;NA;NA;POST
S;CR_PARDINA;CR PARDINA REG TOTAL;TER;467312;4648266;ES100MSPF2000280;El Ter des del Pasteral fins a la confluència de l'Onyar;2022;prealerta;TOTAL;HM3;3,7;0,71;0,97;1,28;0,74;2,25;1,45;0,21;0,27;0,23;0,21;0,32;0,44;0,5;0,44;0,34;0,31;0,23;0,2;M3/S;0,078405018;0,111607143;0,085872162;0,081018519;0,119474313;0,016427718;0,186678614;0,16427718;0,13117284;0,115740741;0,088734568;0,074671446;NA;NA;NA;POST
S;CR_ANGLES;CR ANGLES REG TOTAL;TER;468800;4647224;ES100MSPF2000280;El Ter des del Pasteral fins a la confluència de l'Onyar;2022;prealerta;TOTAL;HM3;7,03;1,6;1,91;2,09;1,43;4;3,03;0,48;0,53;0,59;0,58;0,68;0,65;0,63;0,64;0,82;0,53;0,46;0,44;M3/S;0,17921147;0,219080688;0,220280765;0,223765432;0,253882915;0,02426822;0,235215054;0,238948626;0,316358025;0,197879331;0,177469136;0,16427718;NA;NA;NA;POST
S;CR_STJULIA;CR ST JULIA LLOR REG TOTAL;TER;471000,67;4645729,45;ES100MSPF2000280;El Ter des del Pasteral fins a la confluència de l'Onyar;2022;prealerta;TOTAL;HM3;0,56;0;0,23;0,25;0,08;0,48;0,08;0;0;0;0,03;0,1;0,1;0,1;0,07;0,08;0,08;0;0;M3/S;0;0;0;0,011574074;0,037335723;0,003733572;0,037335723;0,026135006;0,030864198;0,029868578;0;0;NA;NA;NA;POST
S;CR_VILANNA;CR VILANNA REG TOTAL;TER;472989,93;4646920,38;ES100MSPF2000280;El Ter des del Pasteral fins a la confluència de l'Onyar;2022;prealerta;TOTAL;HM3;2,4;0,03;0,9;1,29;0,18;2,19;0,21;0;0,02;0,01;0,13;0,25;0,52;0,59;0,5;0,2;0,11;0,07;0;M3/S;0;0,008267196;0,003733572;0,050154321;0,093339307;0,019414576;0,220280765;0,186678614;0,077160494;0,041069295;0,027006173;0;NA;NA;NA;POST
S;CR_MONAR;CR MONAR REG TOTAL;TER;479458,11;4646480,44;ES100MSPF2000280;El Ter des del Pasteral fins a la confluència de l'Onyar;2022;prealerta;TOTAL;HM3;6,84;1,4;1,85;3,46;0,13;5,31;1,53;0,38;0,36;0,66;0,29;0,51;1,05;1,52;1,15;0,79;0,07;0,01;0,05;M3/S;0,141875747;0,148809524;0,246415771;0,111882716;0,190412186;0,039202509;0,567502987;0,429360812;0,304783951;0,026135006;0,003858025;0,018667861;NA;NA;NA;POST
S;CR_CERVIA;CR CERVIA REG TOTAL;TER;485699,42;4651948,53;ES100MSPF2000380;El Ter entre l'Onyar i el Terri;2022;prealerta;TOTAL;HM3;5,49;0,02;2,05;3,36;0,06;5,41;0,08;0;0;0,02;0,02;0,39;1,64;1,8;1,36;0,2;0,02;0,04;0;M3/S;0;0;0,007467145;0,007716049;0,145609319;0,061230585;0,672043011;0,50776583;0,077160494;0,007467145;0,015432099;0;NA;NA;NA;POST
S;CR_VINYALS;CR VINYALS REG TOTAL;TER;485793,27;4651949,76;ES100MSPF2000380;El Ter entre l'Onyar i el Terri;2022;prealerta;TOTAL;HM3;11,38;1,04;3,38;5,6;1,36;8,98;2,4;0,4;0,26;0,38;0,34;0,92;2,12;2,35;2,06;1,19;0,53;0,59;0,24;M3/S;0,149342891;0,107473545;0,141875747;0,13117284;0,34348865;0,079151732;0,877389486;0,76911589;0,459104938;0,197879331;0,227623457;0,089605735;NA;NA;NA;POST
S;CR_SENTMENAT;CR SENTMENAT REG TOTAL;TER;498893,3;4658948,75;ES100MSPF2000460;El Ter des de Flaçà fins al mar;2022;prealerta;TOTAL;HM3;27,19;2,28;9,31;13,02;2,58;22,33;4,86;0,75;0,94;0,59;0,89;2,03;6,39;6,73;4,85;1,44;0,68;0,88;1,02;M3/S;0,280017921;0,388558201;0,220280765;0,343364198;0,757915173;0,238575269;2,512694146;1,810782557;0,555555556;0,253882915;0,339506173;0,380824373;NA;NA;NA;POST
S;CR_MOLI_PALS;CR MOLI DE PALS REG TOTAL;TER;505648,72;4654440,75;ES100MSPF2000460;El Ter des de Flaçà fins al mar;2022;prealerta;TOTAL;HM3;20,87;0,48;7,16;12,48;0,75;19,64;1,23;0,14;0,16;0,18;0,4;1,75;5,01;5,62;5,32;1,54;0,36;0,27;0,12;M3/S;0,052270012;0,066137566;0,067204301;0,154320988;0,653375149;0,187051971;2,098267622;1,986260454;0,594135802;0,134408602;0,104166667;0,044802867;NA;NA;NA;POST
S;CR_PARDINA;CR PARDINA REG TOTAL;TER;467312;4648266;ES100MSPF2000280;El Ter des del Pasteral fins a la confluència de l'Onyar;2021;normalitat;TOTAL;HM3;4,14;0,77;1,19;1,33;0,85;2,52;1,62;0,28;0,23;0,26;0,36;0,37;0,46;0,55;0,51;0,27;0,37;0,24;0,24;M3/S;0,104540024;0,095072751;0,097072879;0,138888889;0,138142174;0,017174432;0,205346476;0,190412186;0,104166667;0,138142174;0,092592593;0,089605735;NA;NA;NA;POST
S;CR_ANGLES;CR ANGLES REG TOTAL;TER;468800;4647224;ES100MSPF2000280;El Ter des del Pasteral fins a la confluència de l'Onyar;2021;normalitat;TOTAL;HM3;6,19;1,57;1,64;1,61;1,37;3,25;2,94;0,51;0,5;0,56;0,54;0,56;0,54;0,52;0,57;0,52;0,59;0,42;0,36;M3/S;0,190412186;0,206679894;0,209080048;0,208333333;0,209080048;0,02016129;0,194145759;0,21281362;0,200617284;0,220280765;0,162037037;0,134408602;NA;NA;NA;POST
S;CR_STJULIA;CR ST JULIA LLOR REG TOTAL;TER;471000,67;4645729,45;ES100MSPF2000280;El Ter des del Pasteral fins a la confluència de l'Onyar;2021;normalitat;TOTAL;HM3;0,56;0,1;0,22;0,19;0,05;0,41;0,15;0,02;0,03;0,05;0,07;0,08;0,07;0,06;0,07;0,06;0,05;0;0;M3/S;0,007467145;0,012400794;0,018667861;0,027006173;0,029868578;0,002613501;0,022401434;0,026135006;0,023148148;0,018667861;0;0;NA;NA;NA;POST
S;CR_VILANNA;CR VILANNA REG TOTAL;TER;472989,93;4646920,38;ES100MSPF2000280;El Ter des del Pasteral fins a la confluència de l'Onyar;2021;normalitat;TOTAL;HM3;2,52;0;0,9;1,48;0,14;2,38;0,14;0;0;0;0,17;0,22;0,51;0,69;0,6;0,19;0,14;0;0;M3/S;0;0;0;0,06558642;0,08213859;0,019041219;0,257616487;0,224014337;0,073302469;0,052270012;0;0;NA;NA;NA;POST
S;CR_MONAR;CR MONAR REG TOTAL;TER;479458,11;4646480,44;ES100MSPF2000280;El Ter des del Pasteral fins a la confluència de l'Onyar;2021;normalitat;TOTAL;HM3;4,19;0,61;0,9;2,17;0,51;3,07;1,12;0,53;0,03;0,05;0,09;0,24;0,57;0,84;1,05;0,28;0,12;0,22;0,17;M3/S;0,197879331;0,012400794;0,018667861;0,034722222;0,089605735;0,021281362;0,313620072;0,39202509;0,108024691;0,044802867;0,084876543;0,063470729;NA;NA;NA;POST
S;CR_CERVIA;CR CERVIA REG TOTAL;TER;485699,42;4651948,53;ES100MSPF2000380;El Ter entre l'Onyar i el Terri;2021;normalitat;TOTAL;HM3;5,46;0;2;3,36;0,1;5,36;0,1;0;0;0;0,14;0,17;1,69;1,75;1,48;0,13;0,09;0;0,01;M3/S;0;0;0;0,054012346;0,063470729;0,063097372;0,653375149;0,552568698;0,050154321;0,033602151;0;0,003733572;NA;NA;NA;POST
S;CR_VINYALS;CR VINYALS REG TOTAL;TER;485793,27;4651949,76;ES100MSPF2000380;El Ter entre l'Onyar i el Terri;2021;normalitat;TOTAL;HM3;11,34;0,9;3,2;5,4;1,84;8,6;2,74;0,23;0,31;0,36;0,53;0,53;2,14;2,76;2,03;0,61;0,81;0,66;0,37;M3/S;0,085872162;0,128141534;0,134408602;0,204475309;0,197879331;0,079898447;1,03046595;0,757915173;0,235339506;0,302419355;0,25462963;0,138142174;NA;NA;NA;POST
S;CR_SENTMENAT;CR SENTMENAT REG TOTAL;TER;498893,3;4658948,75;ES100MSPF2000460;El Ter des de Flaçà fins al mar;2021;normalitat;TOTAL;HM3;32,87;3,06;10,18;16,52;3,11;26,7;6,17;0,85;0,98;1,23;1,65;2;6,53;7,28;6,55;2,69;1,54;0,93;0,64;M3/S;0,317353644;0,405092593;0,459229391;0,636574074;0,746714456;0,24380227;2,718040621;2,445489845;1,037808642;0,574970131;0,358796296;0,238948626;NA;NA;NA;POST
S;CR_MOLI_PALS;CR MOLI DE PALS REG TOTAL;TER;505648,72;4654440,75;ES100MSPF2000460;El Ter des de Flaçà fins al mar;2021;normalitat;TOTAL;HM3;29,18;3,32;8,92;14,5;2,44;23,42;5,76;0,92;1,07;1,33;1,8;2,18;4,94;6,28;5,79;2,43;1,58;0,62;0,24;M3/S;0,34348865;0,442294974;0,496565114;0,694444444;0,813918757;0,184438471;2,344683393;2,161738351;0,9375;0,589904421;0,239197531;0,089605735;NA;NA;NA;POST
S;CR_PARDINA;CR PARDINA REG TOTAL;TER;467312;4648266;ES100MSPF2000280;El Ter des del Pasteral fins a la confluència de l'Onyar;2020;normalitat;TOTAL;HM3;4,23;0,87;1,13;1,32;0,91;2,45;1,78;0,23;0,25;0,39;0,34;0,35;0,44;0,5;0,49;0,33;0,33;0,29;0,29;M3/S;0,085872162;0,103339947;0,145609319;0,13117284;0,13067503;0,016427718;0,186678614;0,182945042;0,127314815;0,123207885;0,111882716;0,108273596;NA;NA;NA;POST
S;CR_ANGLES;CR ANGLES REG TOTAL;TER;468800;4647224;ES100MSPF2000280;El Ter des del Pasteral fins a la confluència de l'Onyar;2020;normalitat;TOTAL;HM3;6,03;1,51;1,54;1,63;1,35;3,17;2,86;0,52;0,47;0,52;0,48;0,53;0,53;0,55;0,55;0,53;0,54;0,32;0,49;M3/S;0,194145759;0,194279101;0,194145759;0,185185185;0,197879331;0,019787933;0,205346476;0,205346476;0,204475309;0,201612903;0,12345679;0,182945042;NA;NA;NA;POST
S;CR_STJULIA;CR ST JULIA LLOR REG TOTAL;TER;471000,67;4645729,45;ES100MSPF2000280;El Ter des del Pasteral fins a la confluència de l'Onyar;2020;normalitat;TOTAL;HM3;0,58;0,03;0,2;0,22;0,13;0,42;0,16;0;0;0,03;0,08;0,06;0,06;0,07;0,08;0,07;0,08;0,01;0,04;M3/S;0;0;0,011200717;0,030864198;0,022401434;0,002240143;0,026135006;0,029868578;0,027006173;0,029868578;0,003858025;0,014934289;NA;NA;NA;POST
S;CR_VILANNA;CR VILANNA REG TOTAL;TER;472989,93;4646920,38;ES100MSPF2000280;El Ter des del Pasteral fins a la confluència de l'Onyar;2020;normalitat;TOTAL;HM3;2,02;0;0,56;1,42;0,04;1,98;0,04;0;0;0;0;0,3;0,26;0,63;0,5;0,29;0,03;0,01;0;M3/S;0;0;0;0;0,112007168;0,009707288;0,235215054;0,186678614;0,111882716;0,011200717;0,003858025;0;NA;NA;NA;POST
S;CR_MONAR;CR MONAR REG TOTAL;TER;479458,11;4646480,44;ES100MSPF2000280;El Ter des del Pasteral fins a la confluència de l'Onyar;2020;normalitat;TOTAL;HM3;5,15;0,5;0,56;2,71;1,38;3,27;1,88;0,5;0;0;0;0,3;0,26;1,25;1,02;0,44;0,51;0,24;0,63;M3/S;0,186678614;0;0;0;0,112007168;0,009707288;0,466696535;0,380824373;0,169753086;0,190412186;0,092592593;0,235215054;NA;NA;NA;POST
S;CR_CERVIA;CR CERVIA REG TOTAL;TER;485699,42;4651948,53;ES100MSPF2000380;El Ter entre l'Onyar i el Terri;2020;normalitat;TOTAL;HM3;4,36;0;0,82;3,44;0,1;4,26;0,1;0;0;0;0;0,35;0,47;1,56;1,48;0,4;0,09;0,01;0;M3/S;0;0;0;0;0,13067503;0,01754779;0,582437276;0,552568698;0,154320988;0,033602151;0,003858025;0;NA;NA;NA;POST
S;CR_VINYALS;CR VINYALS REG TOTAL;TER;485793,27;4651949,76;ES100MSPF2000380;El Ter entre l'Onyar i el Terri;2020;normalitat;TOTAL;HM3;9,75;0,32;1,81;6,03;1,59;7,84;1,91;0,04;0;0,28;0,29;0,66;0,86;2,31;2,65;1,07;0,79;0,64;0,16;M3/S;0,014934289;0;0,104540024;0,111882716;0,246415771;0,032108722;0,862455197;0,989396655;0,412808642;0,29495221;0,24691358;0,059737157;NA;NA;NA;POST
S;CR_SENTMENAT;CR SENTMENAT REG TOTAL;TER;498893,3;4658948,75;ES100MSPF2000460;El Ter des de Flaçà fins al mar;2020;normalitat;TOTAL;HM3;25,05;0,97;4,63;16,06;3,39;20,69;4,36;0,37;0,26;0,34;0,45;1,21;2,97;7,15;6,46;2,45;1,4;0,98;1,01;M3/S;0,138142174;0,107473545;0,126941458;0,173611111;0,451762246;0,110887097;2,669504182;2,411887694;0,945216049;0,522700119;0,37808642;0,3770908;NA;NA;NA;POST
S;CR_MOLI_PALS;CR MOLI DE PALS REG TOTAL;TER;505648,72;4654440,75;ES100MSPF2000460;El Ter des de Flaçà fins al mar;2020;normalitat;TOTAL;HM3;27,84;1,6;5,04;17,5;3,7;22,54;5,3;1,42;0,18;0;0,49;1,31;3,24;7,79;7,04;2,67;1,53;1,07;1,1;M3/S;0,530167264;0,074404762;0;0,18904321;0,489097969;0,120967742;2,908452808;2,628434886;1,030092593;0,571236559;0,412808642;0,410692951;NA;NA;NA;POST
E;ONYAR_AFLUENT;AFLUENT ONYAR A L'ESTACIO D'AFORAMENT SOTA EL PONT;TER;485360,7829;4651185,725;ES100MSPF2000380;El Ter entre l'Onyar i el Terri;2024;excepcionalitat;NA;HM3;6,757590379;1,362532663;2,435297171;1,698298444;1,261462101;4,133595614;2,623994765;0,329490974;0,241468344;0,791573345;0,713885338;1,225145278;0,496266555;0,147635271;1,139890185;0,410772988;0,30995972;0,648449281;0,3030531;M3/S;0,123017837;0,096371466;0,29553963;0,275418726;0,457416845;0,191460862;0,055120696;0,42558624;0,158477233;0,115725702;0,250173334;0,113147065;NA;NA;NA;POST
